episode,survival_steps_agent0,epsilon,intrinsic_weight,env_steps_all_agents,total_env_steps_cumulative
0,71,1.000000,1.000000,568,568
1,45,0.995000,1.000000,360,928
2,49,0.990025,1.000000,392,1320
3,43,0.985075,1.000000,344,1664
4,45,0.980150,1.000000,360,2024
5,44,0.975249,1.000000,352,2376
6,44,0.970373,1.000000,352,2728
7,45,0.965521,1.000000,360,3088
8,59,0.960693,1.000000,472,3560
9,44,0.955890,1.000000,352,3912
10,50,0.951110,1.000000,400,4312
11,55,0.946355,1.000000,440,4752
12,47,0.941623,1.000000,376,5128
13,47,0.936915,1.000000,376,5504
14,43,0.932230,1.000000,344,5848
15,48,0.927569,1.000000,384,6232
16,46,0.922931,1.000000,368,6600
17,49,0.918316,1.000000,392,6992
18,74,0.913725,1.000000,592,7584
19,43,0.909156,1.000000,344,7928
20,46,0.904610,1.000000,368,8296
21,48,0.900087,1.000000,384,8680
22,46,0.895587,1.000000,368,9048
23,45,0.891109,1.000000,360,9408
24,46,0.886654,1.000000,368,9776
25,49,0.882220,1.000000,392,10168
26,82,0.877809,1.000000,656,10824
27,45,0.873420,1.000000,360,11184
28,47,0.869053,1.000000,376,11560
29,53,0.864708,1.000000,424,11984
30,45,0.860384,1.000000,360,12344
31,45,0.856082,1.000000,360,12704
32,48,0.851802,1.000000,384,13088
33,49,0.847543,1.000000,392,13480
34,48,0.843305,1.000000,384,13864
35,51,0.839089,1.000000,408,14272
36,47,0.834893,1.000000,376,14648
37,45,0.830719,1.000000,360,15008
38,49,0.826565,1.000000,392,15400
39,49,0.822432,1.000000,392,15792
40,47,0.818320,1.000000,376,16168
41,78,0.814229,1.000000,624,16792
42,44,0.810157,1.000000,352,17144
43,68,0.806107,1.000000,544,17688
44,48,0.802076,1.000000,384,18072
45,70,0.798066,1.000000,560,18632
46,48,0.794075,1.000000,384,19016
47,53,0.790105,1.000000,424,19440
48,54,0.786154,1.000000,432,19872
49,49,0.782224,1.000000,392,20264
50,81,0.778313,1.000000,648,20912
51,53,0.774421,1.000000,424,21336
52,45,0.770549,1.000000,360,21696
53,49,0.766696,1.000000,392,22088
54,43,0.762863,1.000000,344,22432
55,68,0.759048,1.000000,544,22976
56,64,0.755253,1.000000,512,23488
57,46,0.751477,1.000000,368,23856
58,44,0.747719,1.000000,352,24208
59,45,0.743981,1.000000,360,24568
60,47,0.740261,1.000000,376,24944
61,44,0.736560,1.000000,352,25296
62,48,0.732877,1.000000,384,25680
63,49,0.729212,1.000000,392,26072
64,68,0.725566,1.000000,544,26616
65,48,0.721939,1.000000,384,27000
66,58,0.718329,1.000000,464,27464
67,51,0.714737,1.000000,408,27872
68,46,0.711164,1.000000,368,28240
69,86,0.707608,1.000000,688,28928
70,66,0.704070,1.000000,528,29456
71,44,0.700549,1.000000,352,29808
72,45,0.697047,1.000000,360,30168
73,73,0.693561,1.000000,584,30752
74,42,0.690094,1.000000,336,31088
75,43,0.686643,1.000000,344,31432
76,57,0.683210,1.000000,456,31888
77,43,0.679794,1.000000,344,32232
78,45,0.676395,1.000000,360,32592
79,64,0.673013,1.000000,512,33104
80,49,0.669648,1.000000,392,33496
81,47,0.666300,1.000000,376,33872
82,47,0.662968,1.000000,376,34248
83,47,0.659653,1.000000,376,34624
84,47,0.656355,1.000000,376,35000
85,47,0.653073,1.000000,376,35376
86,51,0.649808,1.000000,408,35784
87,46,0.646559,1.000000,368,36152
88,47,0.643326,1.000000,376,36528
89,48,0.640109,1.000000,384,36912
90,47,0.636909,1.000000,376,37288
91,54,0.633724,1.000000,432,37720
92,49,0.630556,1.000000,392,38112
93,51,0.627403,1.000000,408,38520
94,51,0.624266,1.000000,408,38928
95,47,0.621145,1.000000,376,39304
96,68,0.618039,1.000000,544,39848
97,50,0.614949,1.000000,400,40248
98,44,0.611874,1.000000,352,40600
99,47,0.608815,1.000000,376,40976
100,63,0.605770,1.000000,504,41480
101,49,0.602742,1.000000,392,41872
102,62,0.599728,1.000000,496,42368
103,51,0.596729,1.000000,408,42776
104,47,0.593746,1.000000,376,43152
105,69,0.590777,1.000000,552,43704
106,51,0.587823,1.000000,408,44112
107,56,0.584884,1.000000,448,44560
108,51,0.581959,1.000000,408,44968
109,45,0.579050,1.000000,360,45328
110,44,0.576154,1.000000,352,45680
111,53,0.573274,1.000000,424,46104
112,59,0.570407,1.000000,472,46576
113,59,0.567555,1.000000,472,47048
114,48,0.564717,1.000000,384,47432
115,53,0.561894,1.000000,424,47856
116,58,0.559084,1.000000,464,48320
117,61,0.556289,1.000000,488,48808
118,57,0.553508,1.000000,456,49264
119,57,0.550740,1.000000,456,49720
120,61,0.547986,1.000000,488,50208
121,48,0.545246,1.000000,384,50592
122,45,0.542520,1.000000,360,50952
123,57,0.539808,1.000000,456,51408
124,57,0.537108,1.000000,456,51864
125,94,0.534423,1.000000,752,52616
126,75,0.531751,1.000000,600,53216
127,62,0.529092,1.000000,496,53712
128,49,0.526447,1.000000,392,54104
129,47,0.523814,1.000000,376,54480
130,53,0.521195,1.000000,424,54904
131,62,0.518589,1.000000,496,55400
132,53,0.515996,1.000000,424,55824
133,55,0.513416,1.000000,440,56264
134,78,0.510849,1.000000,624,56888
135,63,0.508295,1.000000,504,57392
136,78,0.505754,1.000000,624,58016
137,50,0.503225,1.000000,400,58416
138,52,0.500709,1.000000,416,58832
139,57,0.498205,1.000000,456,59288
140,140,0.495714,1.000000,1120,60408
141,51,0.493236,1.000000,408,60816
142,49,0.490769,1.000000,392,61208
143,60,0.488316,1.000000,480,61688
144,43,0.485874,1.000000,344,62032
145,75,0.483445,1.000000,600,62632
146,58,0.481027,1.000000,464,63096
147,57,0.478622,1.000000,456,63552
148,57,0.476229,1.000000,456,64008
149,58,0.473848,1.000000,464,64472
150,59,0.471479,1.000000,472,64944
151,54,0.469121,1.000000,432,65376
152,55,0.466776,1.000000,440,65816
153,41,0.464442,1.000000,328,66144
154,39,0.462120,1.000000,312,66456
155,61,0.459809,1.000000,488,66944
156,52,0.457510,1.000000,416,67360
157,45,0.455222,1.000000,360,67720
158,90,0.452946,1.000000,720,68440
159,63,0.450682,1.000000,504,68944
160,56,0.448428,1.000000,448,69392
161,45,0.446186,1.000000,360,69752
162,55,0.443955,1.000000,440,70192
163,57,0.441735,1.000000,456,70648
164,61,0.439527,1.000000,488,71136
165,58,0.437329,1.000000,464,71600
166,142,0.435142,1.000000,1136,72736
167,63,0.432967,1.000000,504,73240
168,55,0.430802,1.000000,440,73680
169,72,0.428648,1.000000,576,74256
170,114,0.426505,1.000000,912,75168
171,59,0.424372,1.000000,472,75640
172,52,0.422250,1.000000,416,76056
173,83,0.420139,1.000000,664,76720
174,122,0.418038,1.000000,976,77696
175,132,0.415948,1.000000,1056,78752
176,55,0.413868,1.000000,440,79192
177,67,0.411799,1.000000,536,79728
178,61,0.409740,1.000000,488,80216
179,62,0.407691,1.000000,496,80712
180,142,0.405653,1.000000,1136,81848
181,54,0.403625,1.000000,432,82280
182,57,0.401606,1.000000,456,82736
183,81,0.399598,1.000000,648,83384
184,55,0.397600,1.000000,440,83824
185,77,0.395612,1.000000,616,84440
186,80,0.393634,1.000000,640,85080
187,115,0.391666,1.000000,920,86000
188,64,0.389708,1.000000,512,86512
189,70,0.387759,1.000000,560,87072
190,55,0.385821,1.000000,440,87512
191,56,0.383891,1.000000,448,87960
192,62,0.381972,1.000000,496,88456
193,63,0.380062,1.000000,504,88960
194,56,0.378162,1.000000,448,89408
195,53,0.376271,1.000000,424,89832
196,49,0.374390,1.000000,392,90224
197,61,0.372518,1.000000,488,90712
198,67,0.370655,1.000000,536,91248
199,74,0.368802,1.000000,592,91840
200,60,0.366958,1.000000,480,92320
201,89,0.365123,1.000000,712,93032
202,87,0.363297,1.000000,696,93728
203,50,0.361481,1.000000,400,94128
204,58,0.359674,1.000000,464,94592
205,54,0.357875,1.000000,432,95024
206,58,0.356086,1.000000,464,95488
207,61,0.354305,1.000000,488,95976
208,98,0.352534,1.000000,784,96760
209,149,0.350771,1.000000,1192,97952
210,61,0.349017,1.000000,488,98440
211,108,0.347272,1.000000,864,99304
212,75,0.345536,1.000000,600,99904
213,64,0.343808,1.000000,512,100416
214,53,0.342089,1.000000,424,100840
215,67,0.340379,1.000000,536,101376
216,58,0.338677,1.000000,464,101840
217,72,0.336983,1.000000,576,102416
218,134,0.335298,1.000000,1072,103488
219,142,0.333622,1.000000,1136,104624
220,70,0.331954,1.000000,560,105184
221,82,0.330294,1.000000,656,105840
222,113,0.328643,1.000000,904,106744
223,107,0.326999,1.000000,856,107600
224,76,0.325364,1.000000,608,108208
225,78,0.323738,1.000000,624,108832
226,72,0.322119,1.000000,576,109408
227,67,0.320508,1.000000,536,109944
228,94,0.318906,1.000000,752,110696
229,102,0.317311,1.000000,816,111512
230,105,0.315725,1.000000,840,112352
231,71,0.314146,1.000000,568,112920
232,97,0.312575,1.000000,776,113696
233,85,0.311012,1.000000,680,114376
234,111,0.309457,1.000000,888,115264
235,120,0.307910,1.000000,960,116224
236,72,0.306371,1.000000,576,116800
237,71,0.304839,1.000000,568,117368
238,70,0.303315,1.000000,560,117928
239,70,0.301798,1.000000,560,118488
240,109,0.300289,1.000000,872,119360
241,106,0.298788,1.000000,848,120208
242,74,0.297294,1.000000,592,120800
243,84,0.295807,1.000000,672,121472
244,76,0.294328,1.000000,608,122080
245,67,0.292856,1.000000,536,122616
246,140,0.291392,1.000000,1120,123736
247,78,0.289935,1.000000,624,124360
248,78,0.288486,1.000000,624,124984
249,103,0.287043,1.000000,824,125808
250,61,0.285608,1.000000,488,126296
251,76,0.284180,1.000000,608,126904
252,72,0.282759,1.000000,576,127480
253,101,0.281345,1.000000,808,128288
254,80,0.279938,1.000000,640,128928
255,107,0.278539,1.000000,856,129784
256,123,0.277146,1.000000,984,130768
257,77,0.275760,1.000000,616,131384
258,113,0.274382,1.000000,904,132288
259,134,0.273010,1.000000,1072,133360
260,133,0.271645,1.000000,1064,134424
261,74,0.270286,1.000000,592,135016
262,120,0.268935,1.000000,960,135976
263,125,0.267590,1.000000,1000,136976
264,76,0.266252,1.000000,608,137584
265,109,0.264921,1.000000,872,138456
266,113,0.263596,1.000000,904,139360
267,85,0.262278,1.000000,680,140040
268,74,0.260967,1.000000,592,140632
269,75,0.259662,1.000000,600,141232
270,77,0.258364,1.000000,616,141848
271,95,0.257072,1.000000,760,142608
272,125,0.255787,1.000000,1000,143608
273,80,0.254508,1.000000,640,144248
274,144,0.253235,1.000000,1152,145400
275,132,0.251969,1.000000,1056,146456
276,82,0.250709,1.000000,656,147112
277,84,0.249456,1.000000,672,147784
278,119,0.248208,1.000000,952,148736
279,82,0.246967,1.000000,656,149392
280,93,0.245733,1.000000,744,150136
281,83,0.244504,1.000000,664,150800
282,80,0.243281,1.000000,640,151440
283,83,0.242065,1.000000,664,152104
284,76,0.240855,1.000000,608,152712
285,76,0.239650,1.000000,608,153320
286,80,0.238452,1.000000,640,153960
287,126,0.237260,1.000000,1008,154968
288,113,0.236074,1.000000,904,155872
289,86,0.234893,1.000000,688,156560
290,137,0.233719,1.000000,1096,157656
291,77,0.232550,1.000000,616,158272
292,119,0.231387,1.000000,952,159224
293,147,0.230230,1.000000,1176,160400
294,82,0.229079,1.000000,656,161056
295,72,0.227934,1.000000,576,161632
296,89,0.226794,1.000000,712,162344
297,133,0.225660,1.000000,1064,163408
298,76,0.224532,1.000000,608,164016
299,88,0.223409,1.000000,704,164720
300,151,0.222292,1.000000,1208,165928
301,107,0.221181,1.000000,856,166784
302,82,0.220075,1.000000,656,167440
303,80,0.218974,1.000000,640,168080
304,86,0.217880,1.000000,688,168768
305,82,0.216790,1.000000,656,169424
306,87,0.215706,1.000000,696,170120
307,84,0.214628,1.000000,672,170792
308,131,0.213555,1.000000,1048,171840
309,151,0.212487,1.000000,1208,173048
310,152,0.211424,1.000000,1216,174264
311,107,0.210367,1.000000,856,175120
312,105,0.209315,1.000000,840,175960
313,80,0.208269,1.000000,640,176600
314,80,0.207227,1.000000,640,177240
315,101,0.206191,1.000000,808,178048
316,83,0.205160,1.000000,664,178712
317,80,0.204135,1.000000,640,179352
318,118,0.203114,1.000000,944,180296
319,82,0.202098,1.000000,656,180952
320,89,0.201088,1.000000,712,181664
321,82,0.200082,1.000000,656,182320
322,109,0.199082,1.000000,872,183192
323,121,0.198087,1.000000,968,184160
324,90,0.197096,1.000000,720,184880
325,135,0.196111,1.000000,1080,185960
326,102,0.195130,1.000000,816,186776
327,132,0.194154,1.000000,1056,187832
328,87,0.193184,1.000000,696,188528
329,144,0.192218,1.000000,1152,189680
330,116,0.191257,1.000000,928,190608
331,106,0.190300,1.000000,848,191456
332,85,0.189349,1.000000,680,192136
333,154,0.188402,1.000000,1232,193368
334,103,0.187460,1.000000,824,194192
335,134,0.186523,1.000000,1072,195264
336,89,0.185590,1.000000,712,195976
337,131,0.184662,1.000000,1048,197024
338,150,0.183739,1.000000,1200,198224
339,151,0.182820,1.000000,1208,199432
340,92,0.181906,1.000000,736,200168
341,82,0.180997,1.000000,656,200824
342,154,0.180092,1.000000,1232,202056
343,131,0.179191,1.000000,1048,203104
344,88,0.178295,1.000000,704,203808
345,84,0.177404,1.000000,672,204480
346,154,0.176517,1.000000,1232,205712
347,86,0.175634,1.000000,688,206400
348,87,0.174756,1.000000,696,207096
349,83,0.173882,1.000000,664,207760
350,84,0.173013,1.000000,672,208432
351,112,0.172148,1.000000,896,209328
352,90,0.171287,1.000000,720,210048
353,136,0.170431,1.000000,1088,211136
354,90,0.169578,1.000000,720,211856
355,150,0.168731,1.000000,1200,213056
356,90,0.167887,1.000000,720,213776
357,78,0.167047,1.000000,624,214400
358,84,0.166212,1.000000,672,215072
359,153,0.165381,1.000000,1224,216296
360,84,0.164554,1.000000,672,216968
361,86,0.163731,1.000000,688,217656
362,84,0.162913,1.000000,672,218328
363,86,0.162098,1.000000,688,219016
364,88,0.161288,1.000000,704,219720
365,153,0.160481,1.000000,1224,220944
366,90,0.159679,1.000000,720,221664
367,150,0.158881,1.000000,1200,222864
368,153,0.158086,1.000000,1224,224088
369,126,0.157296,1.000000,1008,225096
370,98,0.156509,1.000000,784,225880
371,86,0.155727,1.000000,688,226568
372,90,0.154948,1.000000,720,227288
373,144,0.154173,1.000000,1152,228440
374,100,0.153402,1.000000,800,229240
375,88,0.152635,1.000000,704,229944
376,140,0.151872,1.000000,1120,231064
377,88,0.151113,1.000000,704,231768
378,93,0.150357,1.000000,744,232512
379,117,0.149606,1.000000,936,233448
380,102,0.148857,1.000000,816,234264
381,84,0.148113,1.000000,672,234936
382,85,0.147373,1.000000,680,235616
383,82,0.146636,1.000000,656,236272
384,86,0.145903,1.000000,688,236960
385,86,0.145173,1.000000,688,237648
386,84,0.144447,1.000000,672,238320
387,97,0.143725,1.000000,776,239096
388,90,0.143006,1.000000,720,239816
389,126,0.142291,1.000000,1008,240824
390,146,0.141580,1.000000,1168,241992
391,88,0.140872,1.000000,704,242696
392,92,0.140168,1.000000,736,243432
393,147,0.139467,1.000000,1176,244608
394,114,0.138769,1.000000,912,245520
395,85,0.138076,1.000000,680,246200
396,86,0.137385,1.000000,688,246888
397,119,0.136698,1.000000,952,247840
398,92,0.136015,1.000000,736,248576
399,88,0.135335,1.000000,704,249280
400,95,0.134658,1.000000,760,250040
401,150,0.133985,1.000000,1200,251240
402,127,0.133315,1.000000,1016,252256
403,125,0.132648,1.000000,1000,253256
404,104,0.131985,1.000000,832,254088
405,93,0.131325,1.000000,744,254832
406,88,0.130668,1.000000,704,255536
407,86,0.130015,1.000000,688,256224
408,116,0.129365,1.000000,928,257152
409,78,0.128718,1.000000,624,257776
410,124,0.128075,1.000000,992,258768
411,88,0.127434,1.000000,704,259472
412,151,0.126797,1.000000,1208,260680
413,113,0.126163,1.000000,904,261584
414,135,0.125532,1.000000,1080,262664
415,89,0.124905,1.000000,712,263376
416,139,0.124280,1.000000,1112,264488
417,124,0.123659,1.000000,992,265480
418,92,0.123040,1.000000,736,266216
419,121,0.122425,1.000000,968,267184
420,90,0.121813,1.000000,720,267904
421,86,0.121204,1.000000,688,268592
422,88,0.120598,1.000000,704,269296
423,88,0.119995,1.000000,704,270000
424,114,0.119395,1.000000,912,270912
425,155,0.118798,1.000000,1240,272152
426,88,0.118204,1.000000,704,272856
427,86,0.117613,1.000000,688,273544
428,140,0.117025,1.000000,1120,274664
429,128,0.116440,1.000000,1024,275688
430,94,0.115858,1.000000,752,276440
431,92,0.115278,1.000000,736,277176
432,122,0.114702,1.000000,976,278152
433,92,0.114128,1.000000,736,278888
434,82,0.113558,1.000000,656,279544
435,103,0.112990,1.000000,824,280368
436,132,0.112425,1.000000,1056,281424
437,96,0.111863,1.000000,768,282192
438,88,0.111304,1.000000,704,282896
439,153,0.110747,1.000000,1224,284120
440,149,0.110193,1.000000,1192,285312
441,90,0.109642,1.000000,720,286032
442,125,0.109094,1.000000,1000,287032
443,84,0.108549,1.000000,672,287704
444,90,0.108006,1.000000,720,288424
445,94,0.107466,1.000000,752,289176
446,139,0.106929,1.000000,1112,290288
447,90,0.106394,1.000000,720,291008
448,104,0.105862,1.000000,832,291840
449,151,0.105333,1.000000,1208,293048
450,86,0.104806,1.000000,688,293736
451,90,0.104282,1.000000,720,294456
452,90,0.103761,1.000000,720,295176
453,151,0.103242,1.000000,1208,296384
454,115,0.102726,1.000000,920,297304
455,121,0.102212,1.000000,968,298272
456,88,0.101701,1.000000,704,298976
457,91,0.101192,1.000000,728,299704
458,92,0.100686,1.000000,736,300440
459,86,0.100183,1.000000,688,301128
460,144,0.099682,1.000000,1152,302280
461,151,0.099184,1.000000,1208,303488
462,97,0.098688,1.000000,776,304264
463,90,0.098194,1.000000,720,304984
464,94,0.097703,1.000000,752,305736
465,94,0.097215,1.000000,752,306488
466,90,0.096729,1.000000,720,307208
467,94,0.096245,1.000000,752,307960
468,88,0.095764,1.000000,704,308664
469,108,0.095285,1.000000,864,309528
470,80,0.094809,1.000000,640,310168
471,155,0.094335,1.000000,1240,311408
472,154,0.093863,1.000000,1232,312640
473,155,0.093394,1.000000,1240,313880
474,122,0.092927,1.000000,976,314856
475,112,0.092462,1.000000,896,315752
476,96,0.092000,1.000000,768,316520
477,104,0.091540,1.000000,832,317352
478,153,0.091082,1.000000,1224,318576
479,88,0.090627,1.000000,704,319280
480,96,0.090173,1.000000,768,320048
481,123,0.089723,1.000000,984,321032
482,91,0.089274,1.000000,728,321760
483,154,0.088828,1.000000,1232,322992
484,91,0.088383,1.000000,728,323720
485,91,0.087942,1.000000,728,324448
486,154,0.087502,1.000000,1232,325680
487,139,0.087064,1.000000,1112,326792
488,129,0.086629,1.000000,1032,327824
489,116,0.086196,1.000000,928,328752
490,155,0.085765,1.000000,1240,329992
491,88,0.085336,1.000000,704,330696
492,93,0.084909,1.000000,744,331440
493,101,0.084485,1.000000,808,332248
494,153,0.084062,1.000000,1224,333472
495,124,0.083642,1.000000,992,334464
496,92,0.083224,1.000000,736,335200
497,89,0.082808,1.000000,712,335912
498,141,0.082394,1.000000,1128,337040
499,92,0.081982,1.000000,736,337776
500,93,0.081572,1.000000,744,338520
501,121,0.081164,1.000000,968,339488
502,92,0.080758,1.000000,736,340224
503,90,0.080354,1.000000,720,340944
504,84,0.079953,1.000000,672,341616
505,123,0.079553,1.000000,984,342600
506,86,0.079155,1.000000,688,343288
507,156,0.078759,1.000000,1248,344536
508,103,0.078366,1.000000,824,345360
509,96,0.077974,1.000000,768,346128
510,90,0.077584,1.000000,720,346848
511,146,0.077196,1.000000,1168,348016
512,95,0.076810,1.000000,760,348776
513,88,0.076426,1.000000,704,349480
514,154,0.076044,1.000000,1232,350712
515,120,0.075664,1.000000,960,351672
516,102,0.075285,1.000000,816,352488
517,92,0.074909,1.000000,736,353224
518,153,0.074534,1.000000,1224,354448
519,97,0.074162,1.000000,776,355224
520,129,0.073791,1.000000,1032,356256
521,96,0.073422,1.000000,768,357024
522,95,0.073055,1.000000,760,357784
523,120,0.072689,1.000000,960,358744
524,94,0.072326,1.000000,752,359496
525,97,0.071964,1.000000,776,360272
526,88,0.071605,1.000000,704,360976
527,94,0.071247,1.000000,752,361728
528,94,0.070890,1.000000,752,362480
529,153,0.070536,1.000000,1224,363704
530,149,0.070183,1.000000,1192,364896
531,94,0.069832,1.000000,752,365648
532,113,0.069483,1.000000,904,366552
533,94,0.069136,1.000000,752,367304
534,126,0.068790,1.000000,1008,368312
535,96,0.068446,1.000000,768,369080
536,111,0.068104,1.000000,888,369968
537,92,0.067763,1.000000,736,370704
538,133,0.067424,1.000000,1064,371768
539,86,0.067087,1.000000,688,372456
540,143,0.066752,1.000000,1144,373600
541,149,0.066418,1.000000,1192,374792
542,97,0.066086,1.000000,776,375568
543,96,0.065756,1.000000,768,376336
544,90,0.065427,1.000000,720,377056
545,91,0.065100,1.000000,728,377784
546,101,0.064774,1.000000,808,378592
547,88,0.064450,1.000000,704,379296
548,155,0.064128,1.000000,1240,380536
549,90,0.063807,1.000000,720,381256
550,153,0.063488,1.000000,1224,382480
551,154,0.063171,1.000000,1232,383712
552,98,0.062855,1.000000,784,384496
553,152,0.062541,1.000000,1216,385712
554,111,0.062228,1.000000,888,386600
555,92,0.061917,1.000000,736,387336
556,96,0.061607,1.000000,768,388104
557,97,0.061299,1.000000,776,388880
558,114,0.060993,1.000000,912,389792
559,156,0.060688,1.000000,1248,391040
560,88,0.060384,1.000000,704,391744
561,155,0.060083,1.000000,1240,392984
562,154,0.059782,1.000000,1232,394216
563,155,0.059483,1.000000,1240,395456
564,96,0.059186,1.000000,768,396224
565,94,0.058890,1.000000,752,396976
566,151,0.058595,1.000000,1208,398184
567,88,0.058302,1.000000,704,398888
568,94,0.058011,1.000000,752,399640
569,157,0.057721,1.000000,1256,400896
570,153,0.057432,1.000000,1224,402120
571,111,0.057145,1.000000,888,403008
572,155,0.056859,1.000000,1240,404248
573,154,0.056575,1.000000,1232,405480
574,137,0.056292,1.000000,1096,406576
575,109,0.056011,1.000000,872,407448
576,97,0.055731,1.000000,776,408224
577,155,0.055452,1.000000,1240,409464
578,114,0.055175,1.000000,912,410376
579,155,0.054899,1.000000,1240,411616
580,96,0.054624,1.000000,768,412384
581,90,0.054351,1.000000,720,413104
582,96,0.054080,1.000000,768,413872
583,152,0.053809,1.000000,1216,415088
584,156,0.053540,1.000000,1248,416336
585,130,0.053272,1.000000,1040,417376
586,156,0.053006,1.000000,1248,418624
587,105,0.052741,1.000000,840,419464
588,92,0.052477,1.000000,736,420200
589,92,0.052215,1.000000,736,420936
590,91,0.051954,1.000000,728,421664
591,96,0.051694,1.000000,768,422432
592,126,0.051436,1.000000,1008,423440
593,153,0.051178,1.000000,1224,424664
594,96,0.050923,1.000000,768,425432
595,96,0.050668,1.000000,768,426200
596,108,0.050415,1.000000,864,427064
597,157,0.050163,1.000000,1256,428320
598,93,0.049912,1.000000,744,429064
599,157,0.049662,1.000000,1256,430320
600,152,0.049414,1.000000,1216,431536
601,153,0.049167,1.000000,1224,432760
602,92,0.048921,1.000000,736,433496
603,94,0.048676,1.000000,752,434248
604,97,0.048433,1.000000,776,435024
605,97,0.048191,1.000000,776,435800
606,151,0.047950,1.000000,1208,437008
607,97,0.047710,1.000000,776,437784
608,97,0.047472,1.000000,776,438560
609,153,0.047234,1.000000,1224,439784
610,92,0.046998,1.000000,736,440520
611,89,0.046763,1.000000,712,441232
612,112,0.046529,1.000000,896,442128
613,153,0.046297,1.000000,1224,443352
614,96,0.046065,1.000000,768,444120
615,157,0.045835,1.000000,1256,445376
616,96,0.045606,1.000000,768,446144
617,92,0.045378,1.000000,736,446880
618,94,0.045151,1.000000,752,447632
619,92,0.044925,1.000000,736,448368
620,157,0.044700,1.000000,1256,449624
621,96,0.044477,1.000000,768,450392
622,140,0.044254,1.000000,1120,451512
623,92,0.044033,1.000000,736,452248
624,96,0.043813,1.000000,768,453016
625,155,0.043594,1.000000,1240,454256
626,94,0.043376,1.000000,752,455008
627,156,0.043159,1.000000,1248,456256
628,141,0.042943,1.000000,1128,457384
629,148,0.042729,1.000000,1184,458568
630,92,0.042515,1.000000,736,459304
631,94,0.042302,1.000000,752,460056
632,97,0.042091,1.000000,776,460832
633,156,0.041880,1.000000,1248,462080
634,97,0.041671,1.000000,776,462856
635,97,0.041463,1.000000,776,463632
636,96,0.041255,1.000000,768,464400
637,92,0.041049,1.000000,736,465136
638,92,0.040844,1.000000,736,465872
639,155,0.040640,1.000000,1240,467112
640,101,0.040436,1.000000,808,467920
641,157,0.040234,1.000000,1256,469176
642,92,0.040033,1.000000,736,469912
643,151,0.039833,1.000000,1208,471120
644,90,0.039634,1.000000,720,471840
645,78,0.039435,1.000000,624,472464
646,96,0.039238,1.000000,768,473232
647,90,0.039042,1.000000,720,473952
648,97,0.038847,1.000000,776,474728
649,94,0.038653,1.000000,752,475480
650,155,0.038459,1.000000,1240,476720
651,156,0.038267,1.000000,1248,477968
652,155,0.038076,1.000000,1240,479208
653,157,0.037885,1.000000,1256,480464
654,96,0.037696,1.000000,768,481232
655,156,0.037507,1.000000,1248,482480
656,82,0.037320,1.000000,656,483136
657,94,0.037133,1.000000,752,483888
658,99,0.036948,1.000000,792,484680
659,94,0.036763,1.000000,752,485432
660,97,0.036579,1.000000,776,486208
661,158,0.036396,1.000000,1264,487472
662,96,0.036214,1.000000,768,488240
663,96,0.036033,1.000000,768,489008
664,153,0.035853,1.000000,1224,490232
665,156,0.035674,1.000000,1248,491480
666,158,0.035495,1.000000,1264,492744
667,157,0.035318,1.000000,1256,494000
668,156,0.035141,1.000000,1248,495248
669,97,0.034966,1.000000,776,496024
670,110,0.034791,1.000000,880,496904
671,92,0.034617,1.000000,736,497640
672,156,0.034444,1.000000,1248,498888
673,96,0.034272,1.000000,768,499656
674,96,0.034100,1.000000,768,500424
675,94,0.033930,1.000000,752,501176
676,155,0.033760,1.000000,1240,502416
677,94,0.033591,1.000000,752,503168
678,105,0.033423,1.000000,840,504008
679,92,0.033256,1.000000,736,504744
680,94,0.033090,1.000000,752,505496
681,125,0.032924,1.000000,1000,506496
682,94,0.032760,1.000000,752,507248
683,97,0.032596,1.000000,776,508024
684,157,0.032433,1.000000,1256,509280
685,156,0.032271,1.000000,1248,510528
686,121,0.032109,1.000000,968,511496
687,156,0.031949,1.000000,1248,512744
688,97,0.031789,1.000000,776,513520
689,97,0.031630,1.000000,776,514296
690,158,0.031472,1.000000,1264,515560
691,99,0.031315,1.000000,792,516352
692,97,0.031158,1.000000,776,517128
693,148,0.031002,1.000000,1184,518312
694,156,0.030847,1.000000,1248,519560
695,99,0.030693,1.000000,792,520352
696,112,0.030540,1.000000,896,521248
697,99,0.030387,1.000000,792,522040
698,99,0.030235,1.000000,792,522832
699,156,0.030084,1.000000,1248,524080
700,157,0.029933,1.000000,1256,525336
701,99,0.029784,1.000000,792,526128
702,97,0.029635,1.000000,776,526904
703,99,0.029487,1.000000,792,527696
704,97,0.029339,1.000000,776,528472
705,99,0.029193,1.000000,792,529264
706,97,0.029047,1.000000,776,530040
707,96,0.028901,1.000000,768,530808
708,97,0.028757,1.000000,776,531584
709,99,0.028613,1.000000,792,532376
710,157,0.028470,1.000000,1256,533632
711,156,0.028328,1.000000,1248,534880
712,124,0.028186,1.000000,992,535872
713,97,0.028045,1.000000,776,536648
714,158,0.027905,1.000000,1264,537912
715,97,0.027765,1.000000,776,538688
716,96,0.027626,1.000000,768,539456
717,156,0.027488,1.000000,1248,540704
718,149,0.027351,1.000000,1192,541896
719,97,0.027214,1.000000,776,542672
720,156,0.027078,1.000000,1248,543920
721,96,0.026943,1.000000,768,544688
722,156,0.026808,1.000000,1248,545936
723,157,0.026674,1.000000,1256,547192
724,156,0.026541,1.000000,1248,548440
725,97,0.026408,1.000000,776,549216
726,99,0.026276,1.000000,792,550008
727,153,0.026144,1.000000,1224,551232
728,153,0.026014,1.000000,1224,552456
729,155,0.025884,1.000000,1240,553696
730,158,0.025754,1.000000,1264,554960
731,153,0.025625,1.000000,1224,556184
732,120,0.025497,1.000000,960,557144
733,98,0.025370,1.000000,784,557928
734,97,0.025243,1.000000,776,558704
735,94,0.025117,1.000000,752,559456
736,97,0.024991,1.000000,776,560232
737,103,0.024866,1.000000,824,561056
738,156,0.024742,1.000000,1248,562304
739,125,0.024618,1.000000,1000,563304
740,96,0.024495,1.000000,768,564072
741,97,0.024373,1.000000,776,564848
742,156,0.024251,1.000000,1248,566096
743,96,0.024130,1.000000,768,566864
744,158,0.024009,1.000000,1264,568128
745,153,0.023889,1.000000,1224,569352
746,155,0.023769,1.000000,1240,570592
747,133,0.023651,1.000000,1064,571656
748,90,0.023532,1.000000,720,572376
749,113,0.023415,1.000000,904,573280
750,96,0.023298,1.000000,768,574048
751,96,0.023181,1.000000,768,574816
752,96,0.023065,1.000000,768,575584
753,155,0.022950,1.000000,1240,576824
754,96,0.022835,1.000000,768,577592
755,97,0.022721,1.000000,776,578368
756,156,0.022607,1.000000,1248,579616
757,157,0.022494,1.000000,1256,580872
758,155,0.022382,1.000000,1240,582112
759,158,0.022270,1.000000,1264,583376
760,97,0.022159,1.000000,776,584152
761,97,0.022048,1.000000,776,584928
762,152,0.021938,1.000000,1216,586144
763,97,0.021828,1.000000,776,586920
764,97,0.021719,1.000000,776,587696
765,99,0.021610,1.000000,792,588488
766,158,0.021502,1.000000,1264,589752
767,97,0.021395,1.000000,776,590528
768,96,0.021288,1.000000,768,591296
769,158,0.021181,1.000000,1264,592560
770,97,0.021075,1.000000,776,593336
771,97,0.020970,1.000000,776,594112
772,155,0.020865,1.000000,1240,595352
773,156,0.020761,1.000000,1248,596600
774,99,0.020657,1.000000,792,597392
775,97,0.020554,1.000000,776,598168
776,114,0.020451,1.000000,912,599080
777,155,0.020349,1.000000,1240,600320
778,97,0.020247,1.000000,776,601096
779,97,0.020146,1.000000,776,601872
780,156,0.020045,1.000000,1248,603120
781,157,0.019945,1.000000,1256,604376
782,157,0.019845,1.000000,1256,605632
783,156,0.019746,1.000000,1248,606880
784,157,0.019647,1.000000,1256,608136
785,154,0.019549,1.000000,1232,609368
786,96,0.019451,1.000000,768,610136
787,156,0.019354,1.000000,1248,611384
788,156,0.019257,1.000000,1248,612632
789,96,0.019161,1.000000,768,613400
790,99,0.019065,1.000000,792,614192
791,157,0.018970,1.000000,1256,615448
792,96,0.018875,1.000000,768,616216
793,94,0.018780,1.000000,752,616968
794,99,0.018686,1.000000,792,617760
795,156,0.018593,1.000000,1248,619008
796,156,0.018500,1.000000,1248,620256
797,99,0.018408,1.000000,792,621048
798,99,0.018315,1.000000,792,621840
799,158,0.018224,1.000000,1264,623104
800,97,0.018133,1.000000,776,623880
801,157,0.018042,1.000000,1256,625136
802,155,0.017952,1.000000,1240,626376
803,156,0.017862,1.000000,1248,627624
804,101,0.017773,1.000000,808,628432
805,99,0.017684,1.000000,792,629224
806,96,0.017596,1.000000,768,629992
807,99,0.017508,1.000000,792,630784
808,156,0.017420,1.000000,1248,632032
809,96,0.017333,1.000000,768,632800
810,97,0.017246,1.000000,776,633576
811,97,0.017160,1.000000,776,634352
812,97,0.017074,1.000000,776,635128
813,94,0.016989,1.000000,752,635880
814,111,0.016904,1.000000,888,636768
815,98,0.016819,1.000000,784,637552
816,96,0.016735,1.000000,768,638320
817,94,0.016652,1.000000,752,639072
818,157,0.016568,1.000000,1256,640328
819,99,0.016486,1.000000,792,641120
820,102,0.016403,1.000000,816,641936
821,113,0.016321,1.000000,904,642840
822,158,0.016239,1.000000,1264,644104
823,99,0.016158,1.000000,792,644896
824,97,0.016078,1.000000,776,645672
825,97,0.015997,1.000000,776,646448
826,155,0.015917,1.000000,1240,647688
827,146,0.015838,1.000000,1168,648856
828,158,0.015758,1.000000,1264,650120
829,156,0.015680,1.000000,1248,651368
830,157,0.015601,1.000000,1256,652624
831,126,0.015523,1.000000,1008,653632
832,158,0.015446,1.000000,1264,654896
833,99,0.015368,1.000000,792,655688
834,156,0.015291,1.000000,1248,656936
835,158,0.015215,1.000000,1264,658200
836,97,0.015139,1.000000,776,658976
837,111,0.015063,1.000000,888,659864
838,97,0.014988,1.000000,776,660640
839,157,0.014913,1.000000,1256,661896
840,97,0.014838,1.000000,776,662672
841,97,0.014764,1.000000,776,663448
842,158,0.014690,1.000000,1264,664712
843,96,0.014617,1.000000,768,665480
844,154,0.014544,1.000000,1232,666712
845,158,0.014471,1.000000,1264,667976
846,97,0.014399,1.000000,776,668752
847,99,0.014327,1.000000,792,669544
848,96,0.014255,1.000000,768,670312
849,130,0.014184,1.000000,1040,671352
850,157,0.014113,1.000000,1256,672608
851,156,0.014042,1.000000,1248,673856
852,117,0.013972,1.000000,936,674792
853,97,0.013902,1.000000,776,675568
854,154,0.013833,1.000000,1232,676800
855,99,0.013764,1.000000,792,677592
856,99,0.013695,1.000000,792,678384
857,158,0.013626,1.000000,1264,679648
858,118,0.013558,1.000000,944,680592
859,156,0.013490,1.000000,1248,681840
860,158,0.013423,1.000000,1264,683104
861,117,0.013356,1.000000,936,684040
862,158,0.013289,1.000000,1264,685304
863,156,0.013223,1.000000,1248,686552
864,158,0.013157,1.000000,1264,687816
865,158,0.013091,1.000000,1264,689080
866,96,0.013025,1.000000,768,689848
867,156,0.012960,1.000000,1248,691096
868,97,0.012895,1.000000,776,691872
869,103,0.012831,1.000000,824,692696
870,158,0.012767,1.000000,1264,693960
871,99,0.012703,1.000000,792,694752
872,98,0.012639,1.000000,784,695536
873,99,0.012576,1.000000,792,696328
874,158,0.012513,1.000000,1264,697592
875,99,0.012451,1.000000,792,698384
876,127,0.012389,1.000000,1016,699400
877,97,0.012327,1.000000,776,700176
878,157,0.012265,1.000000,1256,701432
879,97,0.012204,1.000000,776,702208
880,97,0.012143,1.000000,776,702984
881,97,0.012082,1.000000,776,703760
882,99,0.012021,1.000000,792,704552
883,157,0.011961,1.000000,1256,705808
884,97,0.011902,1.000000,776,706584
885,99,0.011842,1.000000,792,707376
886,157,0.011783,1.000000,1256,708632
887,158,0.011724,1.000000,1264,709896
888,99,0.011665,1.000000,792,710688
889,156,0.011607,1.000000,1248,711936
890,99,0.011549,1.000000,792,712728
891,99,0.011491,1.000000,792,713520
892,99,0.011434,1.000000,792,714312
893,158,0.011377,1.000000,1264,715576
894,97,0.011320,1.000000,776,716352
895,99,0.011263,1.000000,792,717144
896,99,0.011207,1.000000,792,717936
897,158,0.011151,1.000000,1264,719200
898,99,0.011095,1.000000,792,719992
899,156,0.011040,1.000000,1248,721240
900,97,0.010984,1.000000,776,722016
901,158,0.010929,1.000000,1264,723280
902,99,0.010875,1.000000,792,724072
903,97,0.010820,1.000000,776,724848
904,135,0.010766,1.000000,1080,725928
905,96,0.010712,1.000000,768,726696
906,157,0.010659,1.000000,1256,727952
907,109,0.010606,1.000000,872,728824
908,157,0.010553,1.000000,1256,730080
909,156,0.010500,1.000000,1248,731328
910,157,0.010447,1.000000,1256,732584
911,99,0.010395,1.000000,792,733376
912,97,0.010343,1.000000,776,734152
913,136,0.010291,1.000000,1088,735240
914,158,0.010240,1.000000,1264,736504
915,158,0.010189,1.000000,1264,737768
916,99,0.010138,1.000000,792,738560
917,97,0.010087,1.000000,776,739336
918,157,0.010037,1.000000,1256,740592
919,156,0.010000,1.000000,1248,741840
920,156,0.010000,1.000000,1248,743088
921,157,0.010000,1.000000,1256,744344
922,157,0.010000,1.000000,1256,745600
923,97,0.010000,1.000000,776,746376
924,97,0.010000,1.000000,776,747152
925,98,0.010000,1.000000,784,747936
926,98,0.010000,1.000000,784,748720
927,158,0.010000,1.000000,1264,749984
928,97,0.010000,1.000000,776,750760
929,99,0.010000,1.000000,792,751552
930,99,0.010000,1.000000,792,752344
931,99,0.010000,1.000000,792,753136
932,96,0.010000,1.000000,768,753904
933,97,0.010000,1.000000,776,754680
934,157,0.010000,1.000000,1256,755936
935,97,0.010000,1.000000,776,756712
936,97,0.010000,1.000000,776,757488
937,158,0.010000,1.000000,1264,758752
938,97,0.010000,1.000000,776,759528
939,99,0.010000,1.000000,792,760320
940,99,0.010000,1.000000,792,761112
941,158,0.010000,1.000000,1264,762376
942,97,0.010000,1.000000,776,763152
943,99,0.010000,1.000000,792,763944
944,158,0.010000,1.000000,1264,765208
945,106,0.010000,1.000000,848,766056
946,130,0.010000,1.000000,1040,767096
947,97,0.010000,1.000000,776,767872
948,99,0.010000,1.000000,792,768664
949,97,0.010000,1.000000,776,769440
950,113,0.010000,1.000000,904,770344
951,99,0.010000,1.000000,792,771136
952,97,0.010000,1.000000,776,771912
953,97,0.010000,1.000000,776,772688
954,99,0.010000,1.000000,792,773480
955,158,0.010000,1.000000,1264,774744
956,97,0.010000,1.000000,776,775520
957,157,0.010000,1.000000,1256,776776
958,98,0.010000,1.000000,784,777560
959,157,0.010000,1.000000,1256,778816
960,158,0.010000,1.000000,1264,780080
961,158,0.010000,1.000000,1264,781344
962,97,0.010000,1.000000,776,782120
963,156,0.010000,1.000000,1248,783368
964,156,0.010000,1.000000,1248,784616
965,99,0.010000,1.000000,792,785408
966,99,0.010000,1.000000,792,786200
967,97,0.010000,1.000000,776,786976
968,135,0.010000,1.000000,1080,788056
969,154,0.010000,1.000000,1232,789288
970,96,0.010000,1.000000,768,790056
971,158,0.010000,1.000000,1264,791320
972,158,0.010000,1.000000,1264,792584
973,97,0.010000,1.000000,776,793360
974,99,0.010000,1.000000,792,794152
975,97,0.010000,1.000000,776,794928
976,99,0.010000,1.000000,792,795720
977,97,0.010000,1.000000,776,796496
978,97,0.010000,1.000000,776,797272
979,158,0.010000,1.000000,1264,798536
980,157,0.010000,1.000000,1256,799792
981,99,0.010000,1.000000,792,800584
982,99,0.010000,1.000000,792,801376
983,96,0.010000,1.000000,768,802144
984,158,0.010000,1.000000,1264,803408
985,156,0.010000,1.000000,1248,804656
986,98,0.010000,1.000000,784,805440
987,157,0.010000,1.000000,1256,806696
988,107,0.010000,1.000000,856,807552
989,97,0.010000,1.000000,776,808328
990,99,0.010000,1.000000,792,809120
991,158,0.010000,1.000000,1264,810384
992,157,0.010000,1.000000,1256,811640
993,158,0.010000,1.000000,1264,812904
994,97,0.010000,1.000000,776,813680
995,156,0.010000,1.000000,1248,814928
996,99,0.010000,1.000000,792,815720
997,158,0.010000,1.000000,1264,816984
998,99,0.010000,1.000000,792,817776
999,158,0.010000,1.000000,1264,819040
1000,158,0.010000,1.000000,1264,820304
1001,158,0.010000,1.000000,1264,821568
1002,157,0.010000,1.000000,1256,822824
1003,158,0.010000,1.000000,1264,824088
1004,140,0.010000,1.000000,1120,825208
1005,99,0.010000,1.000000,792,826000
1006,158,0.010000,1.000000,1264,827264
1007,96,0.010000,1.000000,768,828032
1008,97,0.010000,1.000000,776,828808
1009,97,0.010000,1.000000,776,829584
1010,158,0.010000,1.000000,1264,830848
1011,158,0.010000,1.000000,1264,832112
1012,97,0.010000,1.000000,776,832888
1013,97,0.010000,1.000000,776,833664
1014,99,0.010000,1.000000,792,834456
1015,99,0.010000,1.000000,792,835248
1016,156,0.010000,1.000000,1248,836496
1017,97,0.010000,1.000000,776,837272
1018,96,0.010000,1.000000,768,838040
1019,97,0.010000,1.000000,776,838816
1020,149,0.010000,1.000000,1192,840008
1021,97,0.010000,1.000000,776,840784
1022,97,0.010000,1.000000,776,841560
1023,158,0.010000,1.000000,1264,842824
1024,99,0.010000,1.000000,792,843616
1025,99,0.010000,1.000000,792,844408
1026,156,0.010000,1.000000,1248,845656
1027,158,0.010000,1.000000,1264,846920
1028,158,0.010000,1.000000,1264,848184
1029,158,0.010000,1.000000,1264,849448
1030,99,0.010000,1.000000,792,850240
1031,156,0.010000,1.000000,1248,851488
1032,99,0.010000,1.000000,792,852280
1033,99,0.010000,1.000000,792,853072
1034,99,0.010000,1.000000,792,853864
1035,97,0.010000,1.000000,776,854640
1036,97,0.010000,1.000000,776,855416
1037,99,0.010000,1.000000,792,856208
1038,97,0.010000,1.000000,776,856984
1039,99,0.010000,1.000000,792,857776
1040,97,0.010000,1.000000,776,858552
1041,97,0.010000,1.000000,776,859328
1042,99,0.010000,1.000000,792,860120
1043,99,0.010000,1.000000,792,860912
1044,158,0.010000,1.000000,1264,862176
1045,97,0.010000,1.000000,776,862952
1046,97,0.010000,1.000000,776,863728
1047,97,0.010000,1.000000,776,864504
1048,158,0.010000,1.000000,1264,865768
1049,97,0.010000,1.000000,776,866544
1050,97,0.010000,1.000000,776,867320
1051,99,0.010000,1.000000,792,868112
1052,117,0.010000,1.000000,936,869048
1053,98,0.010000,1.000000,784,869832
1054,158,0.010000,1.000000,1264,871096
1055,97,0.010000,1.000000,776,871872
1056,148,0.010000,1.000000,1184,873056
1057,97,0.010000,1.000000,776,873832
1058,97,0.010000,1.000000,776,874608
1059,156,0.010000,1.000000,1248,875856
1060,99,0.010000,1.000000,792,876648
1061,156,0.010000,1.000000,1248,877896
1062,131,0.010000,1.000000,1048,878944
1063,99,0.010000,1.000000,792,879736
1064,158,0.010000,1.000000,1264,881000
1065,98,0.010000,1.000000,784,881784
1066,158,0.010000,1.000000,1264,883048
1067,157,0.010000,1.000000,1256,884304
1068,92,0.010000,1.000000,736,885040
1069,99,0.010000,1.000000,792,885832
1070,156,0.010000,1.000000,1248,887080
1071,156,0.010000,1.000000,1248,888328
1072,96,0.010000,1.000000,768,889096
1073,96,0.010000,1.000000,768,889864
1074,99,0.010000,1.000000,792,890656
1075,99,0.010000,1.000000,792,891448
1076,156,0.010000,1.000000,1248,892696
1077,97,0.010000,1.000000,776,893472
1078,157,0.010000,1.000000,1256,894728
1079,158,0.010000,1.000000,1264,895992
1080,158,0.010000,1.000000,1264,897256
1081,97,0.010000,1.000000,776,898032
1082,99,0.010000,1.000000,792,898824
1083,99,0.010000,1.000000,792,899616
1084,97,0.010000,1.000000,776,900392
1085,99,0.010000,1.000000,792,901184
1086,97,0.010000,1.000000,776,901960
1087,156,0.010000,1.000000,1248,903208
1088,99,0.010000,1.000000,792,904000
1089,99,0.010000,1.000000,792,904792
1090,99,0.010000,1.000000,792,905584
1091,98,0.010000,1.000000,784,906368
1092,158,0.010000,1.000000,1264,907632
1093,97,0.010000,1.000000,776,908408
1094,99,0.010000,1.000000,792,909200
1095,158,0.010000,1.000000,1264,910464
1096,158,0.010000,1.000000,1264,911728
1097,158,0.010000,1.000000,1264,912992
1098,99,0.010000,1.000000,792,913784
1099,138,0.010000,1.000000,1104,914888
1100,99,0.010000,1.000000,792,915680
1101,97,0.010000,1.000000,776,916456
1102,99,0.010000,1.000000,792,917248
1103,98,0.010000,1.000000,784,918032
1104,99,0.010000,1.000000,792,918824
1105,99,0.010000,1.000000,792,919616
1106,97,0.010000,1.000000,776,920392
1107,99,0.010000,1.000000,792,921184
1108,99,0.010000,1.000000,792,921976
1109,99,0.010000,1.000000,792,922768
1110,98,0.010000,1.000000,784,923552
1111,99,0.010000,1.000000,792,924344
1112,158,0.010000,1.000000,1264,925608
1113,99,0.010000,1.000000,792,926400
1114,99,0.010000,1.000000,792,927192
1115,157,0.010000,1.000000,1256,928448
1116,156,0.010000,1.000000,1248,929696
1117,99,0.010000,1.000000,792,930488
1118,99,0.010000,1.000000,792,931280
1119,99,0.010000,1.000000,792,932072
1120,158,0.010000,1.000000,1264,933336
1121,158,0.010000,1.000000,1264,934600
1122,158,0.010000,1.000000,1264,935864
1123,97,0.010000,1.000000,776,936640
1124,99,0.010000,1.000000,792,937432
1125,158,0.010000,1.000000,1264,938696
1126,158,0.010000,1.000000,1264,939960
1127,123,0.010000,1.000000,984,940944
1128,99,0.010000,1.000000,792,941736
1129,158,0.010000,1.000000,1264,943000
1130,156,0.010000,1.000000,1248,944248
1131,156,0.010000,1.000000,1248,945496
1132,99,0.010000,1.000000,792,946288
1133,97,0.010000,1.000000,776,947064
1134,157,0.010000,1.000000,1256,948320
1135,158,0.010000,1.000000,1264,949584
1136,97,0.010000,1.000000,776,950360
1137,99,0.010000,1.000000,792,951152
1138,158,0.010000,1.000000,1264,952416
1139,158,0.010000,1.000000,1264,953680
1140,99,0.010000,1.000000,792,954472
1141,99,0.010000,1.000000,792,955264
1142,99,0.010000,1.000000,792,956056
1143,158,0.010000,1.000000,1264,957320
1144,157,0.010000,1.000000,1256,958576
1145,99,0.010000,1.000000,792,959368
1146,154,0.010000,1.000000,1232,960600
1147,158,0.010000,1.000000,1264,961864
1148,98,0.010000,1.000000,784,962648
1149,158,0.010000,1.000000,1264,963912
1150,99,0.010000,1.000000,792,964704
1151,157,0.010000,1.000000,1256,965960
1152,98,0.010000,1.000000,784,966744
1153,97,0.010000,1.000000,776,967520
1154,158,0.010000,1.000000,1264,968784
1155,97,0.010000,1.000000,776,969560
1156,158,0.010000,1.000000,1264,970824
1157,158,0.010000,1.000000,1264,972088
1158,99,0.010000,1.000000,792,972880
1159,99,0.010000,1.000000,792,973672
1160,99,0.010000,1.000000,792,974464
1161,99,0.010000,1.000000,792,975256
1162,128,0.010000,1.000000,1024,976280
1163,158,0.010000,1.000000,1264,977544
1164,99,0.010000,1.000000,792,978336
1165,99,0.010000,1.000000,792,979128
1166,99,0.010000,1.000000,792,979920
1167,97,0.010000,1.000000,776,980696
1168,97,0.010000,1.000000,776,981472
1169,157,0.010000,1.000000,1256,982728
1170,99,0.010000,1.000000,792,983520
1171,97,0.010000,1.000000,776,984296
1172,97,0.010000,1.000000,776,985072
1173,96,0.010000,1.000000,768,985840
1174,98,0.010000,1.000000,784,986624
1175,99,0.010000,1.000000,792,987416
1176,99,0.010000,1.000000,792,988208
1177,97,0.010000,1.000000,776,988984
1178,115,0.010000,1.000000,920,989904
1179,97,0.010000,1.000000,776,990680
1180,158,0.010000,1.000000,1264,991944
1181,99,0.010000,1.000000,792,992736
1182,158,0.010000,1.000000,1264,994000
1183,158,0.010000,1.000000,1264,995264
1184,99,0.010000,1.000000,792,996056
1185,97,0.010000,1.000000,776,996832
1186,99,0.010000,1.000000,792,997624
1187,99,0.010000,1.000000,792,998416
1188,99,0.010000,1.000000,792,999208
1189,157,0.010000,1.000000,1256,1000464
1190,99,0.010000,1.000000,792,1001256
1191,156,0.010000,1.000000,1248,1002504
1192,157,0.010000,1.000000,1256,1003760
1193,97,0.010000,1.000000,776,1004536
1194,156,0.010000,1.000000,1248,1005784
1195,158,0.010000,1.000000,1264,1007048
1196,97,0.010000,1.000000,776,1007824
1197,99,0.010000,1.000000,792,1008616
1198,99,0.010000,1.000000,792,1009408
1199,99,0.010000,1.000000,792,1010200
1200,99,0.010000,1.000000,792,1010992
1201,157,0.010000,1.000000,1256,1012248
1202,98,0.010000,1.000000,784,1013032
1203,99,0.010000,1.000000,792,1013824
1204,158,0.010000,1.000000,1264,1015088
1205,98,0.010000,1.000000,784,1015872
1206,122,0.010000,1.000000,976,1016848
1207,158,0.010000,1.000000,1264,1018112
1208,156,0.010000,1.000000,1248,1019360
1209,97,0.010000,1.000000,776,1020136
1210,156,0.010000,1.000000,1248,1021384
1211,156,0.010000,1.000000,1248,1022632
1212,97,0.010000,1.000000,776,1023408
1213,157,0.010000,1.000000,1256,1024664
1214,97,0.010000,1.000000,776,1025440
1215,99,0.010000,1.000000,792,1026232
1216,97,0.010000,1.000000,776,1027008
1217,96,0.010000,1.000000,768,1027776
1218,99,0.010000,1.000000,792,1028568
1219,158,0.010000,1.000000,1264,1029832
1220,99,0.010000,1.000000,792,1030624
1221,99,0.010000,1.000000,792,1031416
1222,99,0.010000,1.000000,792,1032208
1223,157,0.010000,1.000000,1256,1033464
1224,97,0.010000,1.000000,776,1034240
1225,96,0.010000,1.000000,768,1035008
1226,158,0.010000,1.000000,1264,1036272
1227,99,0.010000,1.000000,792,1037064
1228,99,0.010000,1.000000,792,1037856
1229,158,0.010000,1.000000,1264,1039120
1230,95,0.010000,1.000000,760,1039880
1231,97,0.010000,1.000000,776,1040656
1232,94,0.010000,1.000000,752,1041408
1233,156,0.010000,1.000000,1248,1042656
1234,106,0.010000,1.000000,848,1043504
1235,96,0.010000,1.000000,768,1044272
1236,132,0.010000,1.000000,1056,1045328
1237,96,0.010000,1.000000,768,1046096
1238,157,0.010000,1.000000,1256,1047352
1239,158,0.010000,1.000000,1264,1048616
1240,157,0.010000,1.000000,1256,1049872
1241,141,0.010000,1.000000,1128,1051000
1242,158,0.010000,1.000000,1264,1052264
1243,157,0.010000,1.000000,1256,1053520
1244,157,0.010000,1.000000,1256,1054776
1245,158,0.010000,1.000000,1264,1056040
1246,99,0.010000,1.000000,792,1056832
1247,96,0.010000,1.000000,768,1057600
1248,96,0.010000,1.000000,768,1058368
1249,152,0.010000,1.000000,1216,1059584
1250,99,0.010000,1.000000,792,1060376
1251,99,0.010000,1.000000,792,1061168
1252,157,0.010000,1.000000,1256,1062424
1253,157,0.010000,1.000000,1256,1063680
1254,158,0.010000,1.000000,1264,1064944
1255,96,0.010000,1.000000,768,1065712
1256,141,0.010000,1.000000,1128,1066840
1257,158,0.010000,1.000000,1264,1068104
1258,99,0.010000,1.000000,792,1068896
1259,157,0.010000,1.000000,1256,1070152
1260,98,0.010000,1.000000,784,1070936
1261,97,0.010000,1.000000,776,1071712
1262,97,0.010000,1.000000,776,1072488
1263,99,0.010000,1.000000,792,1073280
1264,97,0.010000,1.000000,776,1074056
1265,97,0.010000,1.000000,776,1074832
1266,98,0.010000,1.000000,784,1075616
1267,96,0.010000,1.000000,768,1076384
1268,99,0.010000,1.000000,792,1077176
1269,97,0.010000,1.000000,776,1077952
1270,156,0.010000,1.000000,1248,1079200
1271,99,0.010000,1.000000,792,1079992
1272,158,0.010000,1.000000,1264,1081256
1273,99,0.010000,1.000000,792,1082048
1274,158,0.010000,1.000000,1264,1083312
1275,97,0.010000,1.000000,776,1084088
1276,97,0.010000,1.000000,776,1084864
1277,158,0.010000,1.000000,1264,1086128
1278,97,0.010000,1.000000,776,1086904
1279,97,0.010000,1.000000,776,1087680
1280,97,0.010000,1.000000,776,1088456
1281,158,0.010000,1.000000,1264,1089720
1282,97,0.010000,1.000000,776,1090496
1283,99,0.010000,1.000000,792,1091288
1284,158,0.010000,1.000000,1264,1092552
1285,99,0.010000,1.000000,792,1093344
1286,99,0.010000,1.000000,792,1094136
1287,158,0.010000,1.000000,1264,1095400
1288,99,0.010000,1.000000,792,1096192
1289,97,0.010000,1.000000,776,1096968
1290,99,0.010000,1.000000,792,1097760
1291,97,0.010000,1.000000,776,1098536
1292,99,0.010000,1.000000,792,1099328
1293,98,0.010000,1.000000,784,1100112
1294,99,0.010000,1.000000,792,1100904
1295,158,0.010000,1.000000,1264,1102168
1296,99,0.010000,1.000000,792,1102960
1297,99,0.010000,1.000000,792,1103752
1298,157,0.010000,1.000000,1256,1105008
1299,97,0.010000,1.000000,776,1105784
1300,156,0.010000,1.000000,1248,1107032
1301,158,0.010000,1.000000,1264,1108296
1302,98,0.010000,1.000000,784,1109080
1303,157,0.010000,1.000000,1256,1110336
1304,99,0.010000,1.000000,792,1111128
1305,97,0.010000,1.000000,776,1111904
1306,98,0.010000,1.000000,784,1112688
1307,99,0.010000,1.000000,792,1113480
1308,99,0.010000,1.000000,792,1114272
1309,99,0.010000,1.000000,792,1115064
1310,97,0.010000,1.000000,776,1115840
1311,157,0.010000,1.000000,1256,1117096
1312,99,0.010000,1.000000,792,1117888
1313,158,0.010000,1.000000,1264,1119152
1314,126,0.010000,1.000000,1008,1120160
1315,99,0.010000,1.000000,792,1120952
1316,99,0.010000,1.000000,792,1121744
1317,97,0.010000,1.000000,776,1122520
1318,158,0.010000,1.000000,1264,1123784
1319,133,0.010000,1.000000,1064,1124848
1320,99,0.010000,1.000000,792,1125640
1321,157,0.010000,1.000000,1256,1126896
1322,158,0.010000,1.000000,1264,1128160
1323,97,0.010000,1.000000,776,1128936
1324,99,0.010000,1.000000,792,1129728
1325,99,0.010000,1.000000,792,1130520
1326,98,0.010000,1.000000,784,1131304
1327,99,0.010000,1.000000,792,1132096
1328,158,0.010000,1.000000,1264,1133360
1329,158,0.010000,1.000000,1264,1134624
1330,119,0.010000,1.000000,952,1135576
1331,157,0.010000,1.000000,1256,1136832
1332,98,0.010000,1.000000,784,1137616
1333,96,0.010000,1.000000,768,1138384
1334,99,0.010000,1.000000,792,1139176
1335,158,0.010000,1.000000,1264,1140440
1336,99,0.010000,1.000000,792,1141232
1337,99,0.010000,1.000000,792,1142024
1338,158,0.010000,1.000000,1264,1143288
1339,99,0.010000,1.000000,792,1144080
1340,97,0.010000,1.000000,776,1144856
1341,158,0.010000,1.000000,1264,1146120
1342,158,0.010000,1.000000,1264,1147384
1343,158,0.010000,1.000000,1264,1148648
1344,99,0.010000,1.000000,792,1149440
1345,97,0.010000,1.000000,776,1150216
1346,99,0.010000,1.000000,792,1151008
1347,157,0.010000,1.000000,1256,1152264
1348,99,0.010000,1.000000,792,1153056
1349,98,0.010000,1.000000,784,1153840
1350,99,0.010000,1.000000,792,1154632
1351,158,0.010000,1.000000,1264,1155896
1352,157,0.010000,1.000000,1256,1157152
1353,99,0.010000,1.000000,792,1157944
1354,158,0.010000,1.000000,1264,1159208
1355,158,0.010000,1.000000,1264,1160472
1356,99,0.010000,1.000000,792,1161264
1357,99,0.010000,1.000000,792,1162056
1358,99,0.010000,1.000000,792,1162848
1359,97,0.010000,1.000000,776,1163624
1360,158,0.010000,1.000000,1264,1164888
1361,158,0.010000,1.000000,1264,1166152
1362,98,0.010000,1.000000,784,1166936
1363,99,0.010000,1.000000,792,1167728
1364,99,0.010000,1.000000,792,1168520
1365,96,0.010000,1.000000,768,1169288
1366,98,0.010000,1.000000,784,1170072
1367,97,0.010000,1.000000,776,1170848
1368,99,0.010000,1.000000,792,1171640
1369,99,0.010000,1.000000,792,1172432
1370,99,0.010000,1.000000,792,1173224
1371,157,0.010000,1.000000,1256,1174480
1372,136,0.010000,1.000000,1088,1175568
1373,155,0.010000,1.000000,1240,1176808
1374,99,0.010000,1.000000,792,1177600
1375,157,0.010000,1.000000,1256,1178856
1376,158,0.010000,1.000000,1264,1180120
1377,157,0.010000,1.000000,1256,1181376
1378,99,0.010000,1.000000,792,1182168
1379,98,0.010000,1.000000,784,1182952
1380,99,0.010000,1.000000,792,1183744
1381,158,0.010000,1.000000,1264,1185008
1382,155,0.010000,1.000000,1240,1186248
1383,99,0.010000,1.000000,792,1187040
1384,98,0.010000,1.000000,784,1187824
1385,99,0.010000,1.000000,792,1188616
1386,99,0.010000,1.000000,792,1189408
1387,109,0.010000,1.000000,872,1190280
1388,99,0.010000,1.000000,792,1191072
1389,158,0.010000,1.000000,1264,1192336
1390,158,0.010000,1.000000,1264,1193600
1391,157,0.010000,1.000000,1256,1194856
1392,158,0.010000,1.000000,1264,1196120
1393,158,0.010000,1.000000,1264,1197384
1394,156,0.010000,1.000000,1248,1198632
1395,99,0.010000,1.000000,792,1199424
1396,99,0.010000,1.000000,792,1200216
1397,97,0.010000,1.000000,776,1200992
1398,97,0.010000,1.000000,776,1201768
1399,158,0.010000,1.000000,1264,1203032
1400,158,0.010000,1.000000,1264,1204296
1401,115,0.010000,1.000000,920,1205216
1402,96,0.010000,1.000000,768,1205984
1403,97,0.010000,1.000000,776,1206760
1404,99,0.010000,1.000000,792,1207552
1405,97,0.010000,1.000000,776,1208328
1406,99,0.010000,1.000000,792,1209120
1407,99,0.010000,1.000000,792,1209912
1408,134,0.010000,1.000000,1072,1210984
1409,99,0.010000,1.000000,792,1211776
1410,99,0.010000,1.000000,792,1212568
1411,97,0.010000,1.000000,776,1213344
1412,97,0.010000,1.000000,776,1214120
1413,140,0.010000,1.000000,1120,1215240
1414,99,0.010000,1.000000,792,1216032
1415,99,0.010000,1.000000,792,1216824
1416,158,0.010000,1.000000,1264,1218088
1417,158,0.010000,1.000000,1264,1219352
1418,99,0.010000,1.000000,792,1220144
1419,154,0.010000,1.000000,1232,1221376
1420,158,0.010000,1.000000,1264,1222640
1421,158,0.010000,1.000000,1264,1223904
1422,157,0.010000,1.000000,1256,1225160
1423,98,0.010000,1.000000,784,1225944
1424,157,0.010000,1.000000,1256,1227200
1425,98,0.010000,1.000000,784,1227984
1426,120,0.010000,1.000000,960,1228944
1427,98,0.010000,1.000000,784,1229728
1428,99,0.010000,1.000000,792,1230520
1429,99,0.010000,1.000000,792,1231312
1430,99,0.010000,1.000000,792,1232104
1431,97,0.010000,1.000000,776,1232880
1432,99,0.010000,1.000000,792,1233672
1433,158,0.010000,1.000000,1264,1234936
1434,97,0.010000,1.000000,776,1235712
1435,97,0.010000,1.000000,776,1236488
1436,97,0.010000,1.000000,776,1237264
1437,99,0.010000,1.000000,792,1238056
1438,99,0.010000,1.000000,792,1238848
1439,99,0.010000,1.000000,792,1239640
1440,97,0.010000,1.000000,776,1240416
1441,98,0.010000,1.000000,784,1241200
1442,99,0.010000,1.000000,792,1241992
1443,99,0.010000,1.000000,792,1242784
1444,99,0.010000,1.000000,792,1243576
1445,156,0.010000,1.000000,1248,1244824
1446,126,0.010000,1.000000,1008,1245832
1447,158,0.010000,1.000000,1264,1247096
1448,157,0.010000,1.000000,1256,1248352
1449,98,0.010000,1.000000,784,1249136
1450,156,0.010000,1.000000,1248,1250384
1451,97,0.010000,1.000000,776,1251160
1452,99,0.010000,1.000000,792,1251952
1453,156,0.010000,1.000000,1248,1253200
1454,158,0.010000,1.000000,1264,1254464
1455,158,0.010000,1.000000,1264,1255728
1456,158,0.010000,1.000000,1264,1256992
1457,97,0.010000,1.000000,776,1257768
1458,158,0.010000,1.000000,1264,1259032
1459,97,0.010000,1.000000,776,1259808
1460,157,0.010000,1.000000,1256,1261064
1461,157,0.010000,1.000000,1256,1262320
1462,158,0.010000,1.000000,1264,1263584
1463,99,0.010000,1.000000,792,1264376
1464,99,0.010000,1.000000,792,1265168
1465,97,0.010000,1.000000,776,1265944
1466,99,0.010000,1.000000,792,1266736
1467,99,0.010000,1.000000,792,1267528
1468,99,0.010000,1.000000,792,1268320
1469,157,0.010000,1.000000,1256,1269576
1470,156,0.010000,1.000000,1248,1270824
1471,98,0.010000,1.000000,784,1271608
1472,158,0.010000,1.000000,1264,1272872
1473,97,0.010000,1.000000,776,1273648
1474,99,0.010000,1.000000,792,1274440
1475,158,0.010000,1.000000,1264,1275704
1476,96,0.010000,1.000000,768,1276472
1477,97,0.010000,1.000000,776,1277248
1478,158,0.010000,1.000000,1264,1278512
1479,99,0.010000,1.000000,792,1279304
1480,158,0.010000,1.000000,1264,1280568
1481,99,0.010000,1.000000,792,1281360
1482,99,0.010000,1.000000,792,1282152
1483,99,0.010000,1.000000,792,1282944
1484,97,0.010000,1.000000,776,1283720
1485,99,0.010000,1.000000,792,1284512
1486,158,0.010000,1.000000,1264,1285776
1487,99,0.010000,1.000000,792,1286568
1488,96,0.010000,1.000000,768,1287336
1489,99,0.010000,1.000000,792,1288128
1490,99,0.010000,1.000000,792,1288920
1491,96,0.010000,1.000000,768,1289688
1492,158,0.010000,1.000000,1264,1290952
1493,158,0.010000,1.000000,1264,1292216
1494,158,0.010000,1.000000,1264,1293480
1495,98,0.010000,1.000000,784,1294264
1496,98,0.010000,1.000000,784,1295048
1497,98,0.010000,1.000000,784,1295832
1498,99,0.010000,1.000000,792,1296624
1499,99,0.010000,1.000000,792,1297416
1500,158,0.010000,1.000000,1264,1298680
1501,144,0.010000,1.000000,1152,1299832
1502,98,0.010000,1.000000,784,1300616
1503,97,0.010000,1.000000,776,1301392
1504,158,0.010000,1.000000,1264,1302656
1505,99,0.010000,1.000000,792,1303448
1506,157,0.010000,1.000000,1256,1304704
1507,158,0.010000,1.000000,1264,1305968
1508,99,0.010000,1.000000,792,1306760
1509,155,0.010000,1.000000,1240,1308000
1510,98,0.010000,1.000000,784,1308784
1511,99,0.010000,1.000000,792,1309576
1512,158,0.010000,1.000000,1264,1310840
1513,156,0.010000,1.000000,1248,1312088
1514,127,0.010000,1.000000,1016,1313104
1515,158,0.010000,1.000000,1264,1314368
1516,99,0.010000,1.000000,792,1315160
1517,158,0.010000,1.000000,1264,1316424
1518,156,0.010000,1.000000,1248,1317672
1519,99,0.010000,1.000000,792,1318464
1520,99,0.010000,1.000000,792,1319256
1521,158,0.010000,1.000000,1264,1320520
1522,158,0.010000,1.000000,1264,1321784
1523,99,0.010000,1.000000,792,1322576
1524,99,0.010000,1.000000,792,1323368
1525,99,0.010000,1.000000,792,1324160
1526,99,0.010000,1.000000,792,1324952
1527,99,0.010000,1.000000,792,1325744
1528,97,0.010000,1.000000,776,1326520
1529,158,0.010000,1.000000,1264,1327784
1530,99,0.010000,1.000000,792,1328576
1531,158,0.010000,1.000000,1264,1329840
1532,99,0.010000,1.000000,792,1330632
1533,97,0.010000,1.000000,776,1331408
1534,98,0.010000,1.000000,784,1332192
1535,97,0.010000,1.000000,776,1332968
1536,99,0.010000,1.000000,792,1333760
1537,99,0.010000,1.000000,792,1334552
1538,156,0.010000,1.000000,1248,1335800
1539,99,0.010000,1.000000,792,1336592
1540,97,0.010000,1.000000,776,1337368
1541,97,0.010000,1.000000,776,1338144
1542,99,0.010000,1.000000,792,1338936
1543,96,0.010000,1.000000,768,1339704
1544,98,0.010000,1.000000,784,1340488
1545,98,0.010000,1.000000,784,1341272
1546,99,0.010000,1.000000,792,1342064
1547,98,0.010000,1.000000,784,1342848
1548,98,0.010000,1.000000,784,1343632
1549,98,0.010000,1.000000,784,1344416
1550,97,0.010000,1.000000,776,1345192
1551,96,0.010000,1.000000,768,1345960
1552,158,0.010000,1.000000,1264,1347224
1553,99,0.010000,1.000000,792,1348016
1554,109,0.010000,1.000000,872,1348888
1555,99,0.010000,1.000000,792,1349680
1556,97,0.010000,1.000000,776,1350456
1557,156,0.010000,1.000000,1248,1351704
1558,158,0.010000,1.000000,1264,1352968
1559,158,0.010000,1.000000,1264,1354232
1560,99,0.010000,1.000000,792,1355024
1561,97,0.010000,1.000000,776,1355800
1562,157,0.010000,1.000000,1256,1357056
1563,158,0.010000,1.000000,1264,1358320
1564,99,0.010000,1.000000,792,1359112
1565,99,0.010000,1.000000,792,1359904
1566,98,0.010000,1.000000,784,1360688
1567,155,0.010000,1.000000,1240,1361928
1568,157,0.010000,1.000000,1256,1363184
1569,99,0.010000,1.000000,792,1363976
1570,99,0.010000,1.000000,792,1364768
1571,99,0.010000,1.000000,792,1365560
1572,99,0.010000,1.000000,792,1366352
1573,98,0.010000,1.000000,784,1367136
1574,99,0.010000,1.000000,792,1367928
1575,97,0.010000,1.000000,776,1368704
1576,136,0.010000,1.000000,1088,1369792
1577,99,0.010000,1.000000,792,1370584
1578,98,0.010000,1.000000,784,1371368
1579,99,0.010000,1.000000,792,1372160
1580,157,0.010000,1.000000,1256,1373416
1581,156,0.010000,1.000000,1248,1374664
1582,99,0.010000,1.000000,792,1375456
1583,158,0.010000,1.000000,1264,1376720
1584,99,0.010000,1.000000,792,1377512
1585,98,0.010000,1.000000,784,1378296
1586,98,0.010000,1.000000,784,1379080
1587,97,0.010000,1.000000,776,1379856
1588,158,0.010000,1.000000,1264,1381120
1589,99,0.010000,1.000000,792,1381912
1590,99,0.010000,1.000000,792,1382704
1591,106,0.010000,1.000000,848,1383552
1592,96,0.010000,1.000000,768,1384320
1593,97,0.010000,1.000000,776,1385096
1594,157,0.010000,1.000000,1256,1386352
1595,158,0.010000,1.000000,1264,1387616
1596,158,0.010000,1.000000,1264,1388880
1597,99,0.010000,1.000000,792,1389672
1598,157,0.010000,1.000000,1256,1390928
1599,158,0.010000,1.000000,1264,1392192
1600,158,0.010000,1.000000,1264,1393456
1601,157,0.010000,1.000000,1256,1394712
1602,97,0.010000,1.000000,776,1395488
1603,155,0.010000,1.000000,1240,1396728
1604,158,0.010000,1.000000,1264,1397992
1605,96,0.010000,1.000000,768,1398760
1606,97,0.010000,1.000000,776,1399536
1607,158,0.010000,1.000000,1264,1400800
1608,99,0.010000,1.000000,792,1401592
1609,158,0.010000,1.000000,1264,1402856
1610,99,0.010000,1.000000,792,1403648
1611,158,0.010000,1.000000,1264,1404912
1612,157,0.010000,1.000000,1256,1406168
1613,157,0.010000,1.000000,1256,1407424
1614,158,0.010000,1.000000,1264,1408688
1615,156,0.010000,1.000000,1248,1409936
1616,158,0.010000,1.000000,1264,1411200
1617,97,0.010000,1.000000,776,1411976
1618,112,0.010000,1.000000,896,1412872
1619,140,0.010000,1.000000,1120,1413992
1620,98,0.010000,1.000000,784,1414776
1621,99,0.010000,1.000000,792,1415568
1622,97,0.010000,1.000000,776,1416344
1623,99,0.010000,1.000000,792,1417136
1624,99,0.010000,1.000000,792,1417928
1625,158,0.010000,1.000000,1264,1419192
1626,99,0.010000,1.000000,792,1419984
1627,99,0.010000,1.000000,792,1420776
1628,157,0.010000,1.000000,1256,1422032
1629,99,0.010000,1.000000,792,1422824
1630,98,0.010000,1.000000,784,1423608
1631,157,0.010000,1.000000,1256,1424864
1632,97,0.010000,1.000000,776,1425640
1633,99,0.010000,1.000000,792,1426432
1634,115,0.010000,1.000000,920,1427352
1635,158,0.010000,1.000000,1264,1428616
1636,98,0.010000,1.000000,784,1429400
1637,158,0.010000,1.000000,1264,1430664
1638,157,0.010000,1.000000,1256,1431920
1639,97,0.010000,1.000000,776,1432696
1640,99,0.010000,1.000000,792,1433488
1641,158,0.010000,1.000000,1264,1434752
1642,99,0.010000,1.000000,792,1435544
1643,97,0.010000,1.000000,776,1436320
1644,98,0.010000,1.000000,784,1437104
1645,96,0.010000,1.000000,768,1437872
1646,97,0.010000,1.000000,776,1438648
1647,157,0.010000,1.000000,1256,1439904
1648,97,0.010000,1.000000,776,1440680
1649,158,0.010000,1.000000,1264,1441944
1650,99,0.010000,1.000000,792,1442736
1651,99,0.010000,1.000000,792,1443528
1652,158,0.010000,1.000000,1264,1444792
1653,99,0.010000,1.000000,792,1445584
1654,158,0.010000,1.000000,1264,1446848
1655,158,0.010000,1.000000,1264,1448112
1656,98,0.010000,1.000000,784,1448896
1657,97,0.010000,1.000000,776,1449672
1658,156,0.010000,1.000000,1248,1450920
1659,158,0.010000,1.000000,1264,1452184
1660,156,0.010000,1.000000,1248,1453432
1661,158,0.010000,1.000000,1264,1454696
1662,157,0.010000,1.000000,1256,1455952
1663,158,0.010000,1.000000,1264,1457216
1664,157,0.010000,1.000000,1256,1458472
1665,97,0.010000,1.000000,776,1459248
1666,158,0.010000,1.000000,1264,1460512
1667,156,0.010000,1.000000,1248,1461760
1668,97,0.010000,1.000000,776,1462536
1669,99,0.010000,1.000000,792,1463328
1670,99,0.010000,1.000000,792,1464120
1671,157,0.010000,1.000000,1256,1465376
1672,98,0.010000,1.000000,784,1466160
1673,99,0.010000,1.000000,792,1466952
1674,158,0.010000,1.000000,1264,1468216
1675,99,0.010000,1.000000,792,1469008
1676,98,0.010000,1.000000,784,1469792
1677,96,0.010000,1.000000,768,1470560
1678,97,0.010000,1.000000,776,1471336
1679,129,0.010000,1.000000,1032,1472368
1680,99,0.010000,1.000000,792,1473160
1681,97,0.010000,1.000000,776,1473936
1682,158,0.010000,1.000000,1264,1475200
1683,97,0.010000,1.000000,776,1475976
1684,158,0.010000,1.000000,1264,1477240
1685,130,0.010000,1.000000,1040,1478280
1686,158,0.010000,1.000000,1264,1479544
1687,157,0.010000,1.000000,1256,1480800
1688,158,0.010000,1.000000,1264,1482064
1689,118,0.010000,1.000000,944,1483008
1690,99,0.010000,1.000000,792,1483800
1691,158,0.010000,1.000000,1264,1485064
1692,99,0.010000,1.000000,792,1485856
1693,99,0.010000,1.000000,792,1486648
1694,97,0.010000,1.000000,776,1487424
1695,99,0.010000,1.000000,792,1488216
1696,99,0.010000,1.000000,792,1489008
1697,99,0.010000,1.000000,792,1489800
1698,99,0.010000,1.000000,792,1490592
1699,99,0.010000,1.000000,792,1491384
1700,155,0.010000,1.000000,1240,1492624
1701,157,0.010000,1.000000,1256,1493880
1702,105,0.010000,1.000000,840,1494720
1703,98,0.010000,1.000000,784,1495504
1704,157,0.010000,1.000000,1256,1496760
1705,158,0.010000,1.000000,1264,1498024
1706,99,0.010000,1.000000,792,1498816
1707,156,0.010000,1.000000,1248,1500064
1708,99,0.010000,1.000000,792,1500856
1709,157,0.010000,1.000000,1256,1502112
1710,97,0.010000,1.000000,776,1502888
1711,158,0.010000,1.000000,1264,1504152
1712,113,0.010000,1.000000,904,1505056
1713,158,0.010000,1.000000,1264,1506320
1714,97,0.010000,1.000000,776,1507096
1715,99,0.010000,1.000000,792,1507888
1716,158,0.010000,1.000000,1264,1509152
1717,158,0.010000,1.000000,1264,1510416
1718,158,0.010000,1.000000,1264,1511680
1719,157,0.010000,1.000000,1256,1512936
1720,158,0.010000,1.000000,1264,1514200
1721,99,0.010000,1.000000,792,1514992
1722,156,0.010000,1.000000,1248,1516240
1723,158,0.010000,1.000000,1264,1517504
1724,99,0.010000,1.000000,792,1518296
1725,97,0.010000,1.000000,776,1519072
1726,98,0.010000,1.000000,784,1519856
1727,97,0.010000,1.000000,776,1520632
1728,158,0.010000,1.000000,1264,1521896
1729,97,0.010000,1.000000,776,1522672
1730,97,0.010000,1.000000,776,1523448
1731,97,0.010000,1.000000,776,1524224
1732,156,0.010000,1.000000,1248,1525472
1733,99,0.010000,1.000000,792,1526264
1734,99,0.010000,1.000000,792,1527056
1735,99,0.010000,1.000000,792,1527848
1736,98,0.010000,1.000000,784,1528632
1737,99,0.010000,1.000000,792,1529424
1738,158,0.010000,1.000000,1264,1530688
1739,97,0.010000,1.000000,776,1531464
1740,99,0.010000,1.000000,792,1532256
1741,158,0.010000,1.000000,1264,1533520
1742,98,0.010000,1.000000,784,1534304
1743,99,0.010000,1.000000,792,1535096
1744,134,0.010000,1.000000,1072,1536168
1745,99,0.010000,1.000000,792,1536960
1746,97,0.010000,1.000000,776,1537736
1747,157,0.010000,1.000000,1256,1538992
1748,99,0.010000,1.000000,792,1539784
1749,158,0.010000,1.000000,1264,1541048
1750,158,0.010000,1.000000,1264,1542312
1751,99,0.010000,1.000000,792,1543104
1752,97,0.010000,1.000000,776,1543880
1753,99,0.010000,1.000000,792,1544672
1754,99,0.010000,1.000000,792,1545464
1755,98,0.010000,1.000000,784,1546248
1756,97,0.010000,1.000000,776,1547024
1757,158,0.010000,1.000000,1264,1548288
1758,157,0.010000,1.000000,1256,1549544
1759,99,0.010000,1.000000,792,1550336
1760,97,0.010000,1.000000,776,1551112
1761,97,0.010000,1.000000,776,1551888
1762,99,0.010000,1.000000,792,1552680
1763,99,0.010000,1.000000,792,1553472
1764,98,0.010000,1.000000,784,1554256
1765,158,0.010000,1.000000,1264,1555520
1766,107,0.010000,1.000000,856,1556376
1767,99,0.010000,1.000000,792,1557168
1768,158,0.010000,1.000000,1264,1558432
1769,96,0.010000,1.000000,768,1559200
1770,99,0.010000,1.000000,792,1559992
1771,99,0.010000,1.000000,792,1560784
1772,99,0.010000,1.000000,792,1561576
1773,99,0.010000,1.000000,792,1562368
1774,99,0.010000,1.000000,792,1563160
1775,121,0.010000,1.000000,968,1564128
1776,99,0.010000,1.000000,792,1564920
1777,158,0.010000,1.000000,1264,1566184
1778,158,0.010000,1.000000,1264,1567448
1779,158,0.010000,1.000000,1264,1568712
1780,158,0.010000,1.000000,1264,1569976
1781,99,0.010000,1.000000,792,1570768
1782,158,0.010000,1.000000,1264,1572032
1783,114,0.010000,1.000000,912,1572944
1784,157,0.010000,1.000000,1256,1574200
1785,99,0.010000,1.000000,792,1574992
1786,97,0.010000,1.000000,776,1575768
1787,158,0.010000,1.000000,1264,1577032
1788,158,0.010000,1.000000,1264,1578296
1789,158,0.010000,1.000000,1264,1579560
1790,156,0.010000,1.000000,1248,1580808
1791,99,0.010000,1.000000,792,1581600
1792,156,0.010000,1.000000,1248,1582848
1793,99,0.010000,1.000000,792,1583640
1794,157,0.010000,1.000000,1256,1584896
1795,97,0.010000,1.000000,776,1585672
1796,98,0.010000,1.000000,784,1586456
1797,99,0.010000,1.000000,792,1587248
1798,158,0.010000,1.000000,1264,1588512
1799,99,0.010000,1.000000,792,1589304
1800,156,0.010000,1.000000,1248,1590552
1801,97,0.010000,1.000000,776,1591328
1802,97,0.010000,1.000000,776,1592104
1803,158,0.010000,1.000000,1264,1593368
1804,157,0.010000,1.000000,1256,1594624
1805,146,0.010000,1.000000,1168,1595792
1806,157,0.010000,1.000000,1256,1597048
1807,158,0.010000,1.000000,1264,1598312
1808,123,0.010000,1.000000,984,1599296
1809,99,0.010000,1.000000,792,1600088
1810,157,0.010000,1.000000,1256,1601344
1811,97,0.010000,1.000000,776,1602120
1812,158,0.010000,1.000000,1264,1603384
1813,99,0.010000,1.000000,792,1604176
1814,97,0.010000,1.000000,776,1604952
1815,99,0.010000,1.000000,792,1605744
1816,158,0.010000,1.000000,1264,1607008
1817,98,0.010000,1.000000,784,1607792
1818,99,0.010000,1.000000,792,1608584
1819,157,0.010000,1.000000,1256,1609840
1820,96,0.010000,1.000000,768,1610608
1821,97,0.010000,1.000000,776,1611384
1822,158,0.010000,1.000000,1264,1612648
1823,99,0.010000,1.000000,792,1613440
1824,99,0.010000,1.000000,792,1614232
1825,99,0.010000,1.000000,792,1615024
1826,99,0.010000,1.000000,792,1615816
1827,154,0.010000,1.000000,1232,1617048
1828,99,0.010000,1.000000,792,1617840
1829,99,0.010000,1.000000,792,1618632
1830,99,0.010000,1.000000,792,1619424
1831,99,0.010000,1.000000,792,1620216
1832,99,0.010000,1.000000,792,1621008
1833,99,0.010000,1.000000,792,1621800
1834,158,0.010000,1.000000,1264,1623064
1835,97,0.010000,1.000000,776,1623840
1836,99,0.010000,1.000000,792,1624632
1837,98,0.010000,1.000000,784,1625416
1838,99,0.010000,1.000000,792,1626208
1839,157,0.010000,1.000000,1256,1627464
1840,158,0.010000,1.000000,1264,1628728
1841,97,0.010000,1.000000,776,1629504
1842,99,0.010000,1.000000,792,1630296
1843,158,0.010000,1.000000,1264,1631560
1844,97,0.010000,1.000000,776,1632336
1845,99,0.010000,1.000000,792,1633128
1846,96,0.010000,1.000000,768,1633896
1847,97,0.010000,1.000000,776,1634672
1848,99,0.010000,1.000000,792,1635464
1849,157,0.010000,1.000000,1256,1636720
1850,158,0.010000,1.000000,1264,1637984
1851,99,0.010000,1.000000,792,1638776
1852,97,0.010000,1.000000,776,1639552
1853,99,0.010000,1.000000,792,1640344
1854,99,0.010000,1.000000,792,1641136
1855,158,0.010000,1.000000,1264,1642400
1856,99,0.010000,1.000000,792,1643192
1857,96,0.010000,1.000000,768,1643960
1858,103,0.010000,1.000000,824,1644784
1859,154,0.010000,1.000000,1232,1646016
1860,158,0.010000,1.000000,1264,1647280
1861,98,0.010000,1.000000,784,1648064
1862,158,0.010000,1.000000,1264,1649328
1863,99,0.010000,1.000000,792,1650120
1864,100,0.010000,1.000000,800,1650920
1865,158,0.010000,1.000000,1264,1652184
1866,157,0.010000,1.000000,1256,1653440
1867,99,0.010000,1.000000,792,1654232
1868,99,0.010000,1.000000,792,1655024
1869,99,0.010000,1.000000,792,1655816
1870,154,0.010000,1.000000,1232,1657048
1871,158,0.010000,1.000000,1264,1658312
1872,99,0.010000,1.000000,792,1659104
1873,157,0.010000,1.000000,1256,1660360
1874,96,0.010000,1.000000,768,1661128
1875,158,0.010000,1.000000,1264,1662392
1876,99,0.010000,1.000000,792,1663184
1877,158,0.010000,1.000000,1264,1664448
1878,99,0.010000,1.000000,792,1665240
1879,97,0.010000,1.000000,776,1666016
1880,158,0.010000,1.000000,1264,1667280
1881,158,0.010000,1.000000,1264,1668544
1882,97,0.010000,1.000000,776,1669320
1883,97,0.010000,1.000000,776,1670096
1884,156,0.010000,1.000000,1248,1671344
1885,157,0.010000,1.000000,1256,1672600
1886,97,0.010000,1.000000,776,1673376
1887,99,0.010000,1.000000,792,1674168
1888,158,0.010000,1.000000,1264,1675432
1889,99,0.010000,1.000000,792,1676224
1890,97,0.010000,1.000000,776,1677000
1891,97,0.010000,1.000000,776,1677776
1892,99,0.010000,1.000000,792,1678568
1893,158,0.010000,1.000000,1264,1679832
1894,99,0.010000,1.000000,792,1680624
1895,158,0.010000,1.000000,1264,1681888
1896,156,0.010000,1.000000,1248,1683136
1897,157,0.010000,1.000000,1256,1684392
1898,157,0.010000,1.000000,1256,1685648
1899,99,0.010000,1.000000,792,1686440
1900,99,0.010000,1.000000,792,1687232
1901,98,0.010000,1.000000,784,1688016
1902,158,0.010000,1.000000,1264,1689280
1903,99,0.010000,1.000000,792,1690072
1904,158,0.010000,1.000000,1264,1691336
1905,99,0.010000,1.000000,792,1692128
1906,156,0.010000,1.000000,1248,1693376
1907,97,0.010000,1.000000,776,1694152
1908,157,0.010000,1.000000,1256,1695408
1909,97,0.010000,1.000000,776,1696184
1910,130,0.010000,1.000000,1040,1697224
1911,157,0.010000,1.000000,1256,1698480
1912,99,0.010000,1.000000,792,1699272
1913,104,0.010000,1.000000,832,1700104
1914,96,0.010000,1.000000,768,1700872
1915,99,0.010000,1.000000,792,1701664
1916,96,0.010000,1.000000,768,1702432
1917,157,0.010000,1.000000,1256,1703688
1918,99,0.010000,1.000000,792,1704480
1919,97,0.010000,1.000000,776,1705256
1920,97,0.010000,1.000000,776,1706032
1921,154,0.010000,1.000000,1232,1707264
1922,157,0.010000,1.000000,1256,1708520
1923,158,0.010000,1.000000,1264,1709784
1924,96,0.010000,1.000000,768,1710552
1925,99,0.010000,1.000000,792,1711344
1926,158,0.010000,1.000000,1264,1712608
1927,157,0.010000,1.000000,1256,1713864
1928,99,0.010000,1.000000,792,1714656
1929,158,0.010000,1.000000,1264,1715920
1930,157,0.010000,1.000000,1256,1717176
1931,99,0.010000,1.000000,792,1717968
1932,158,0.010000,1.000000,1264,1719232
1933,99,0.010000,1.000000,792,1720024
1934,158,0.010000,1.000000,1264,1721288
1935,97,0.010000,1.000000,776,1722064
1936,158,0.010000,1.000000,1264,1723328
1937,97,0.010000,1.000000,776,1724104
1938,99,0.010000,1.000000,792,1724896
1939,98,0.010000,1.000000,784,1725680
1940,158,0.010000,1.000000,1264,1726944
1941,98,0.010000,1.000000,784,1727728
1942,99,0.010000,1.000000,792,1728520
1943,99,0.010000,1.000000,792,1729312
1944,158,0.010000,1.000000,1264,1730576
1945,99,0.010000,1.000000,792,1731368
1946,98,0.010000,1.000000,784,1732152
1947,98,0.010000,1.000000,784,1732936
1948,99,0.010000,1.000000,792,1733728
1949,96,0.010000,1.000000,768,1734496
1950,99,0.010000,1.000000,792,1735288
1951,158,0.010000,1.000000,1264,1736552
1952,158,0.010000,1.000000,1264,1737816
1953,99,0.010000,1.000000,792,1738608
1954,98,0.010000,1.000000,784,1739392
1955,99,0.010000,1.000000,792,1740184
1956,99,0.010000,1.000000,792,1740976
1957,156,0.010000,1.000000,1248,1742224
1958,158,0.010000,1.000000,1264,1743488
1959,99,0.010000,1.000000,792,1744280
1960,99,0.010000,1.000000,792,1745072
1961,97,0.010000,1.000000,776,1745848
1962,98,0.010000,1.000000,784,1746632
1963,158,0.010000,1.000000,1264,1747896
1964,94,0.010000,1.000000,752,1748648
1965,158,0.010000,1.000000,1264,1749912
1966,97,0.010000,1.000000,776,1750688
1967,96,0.010000,1.000000,768,1751456
1968,158,0.010000,1.000000,1264,1752720
1969,99,0.010000,1.000000,792,1753512
1970,99,0.010000,1.000000,792,1754304
1971,99,0.010000,1.000000,792,1755096
1972,139,0.010000,1.000000,1112,1756208
1973,158,0.010000,1.000000,1264,1757472
1974,99,0.010000,1.000000,792,1758264
1975,97,0.010000,1.000000,776,1759040
1976,97,0.010000,1.000000,776,1759816
1977,158,0.010000,1.000000,1264,1761080
1978,99,0.010000,1.000000,792,1761872
1979,99,0.010000,1.000000,792,1762664
1980,158,0.010000,1.000000,1264,1763928
1981,99,0.010000,1.000000,792,1764720
1982,158,0.010000,1.000000,1264,1765984
1983,154,0.010000,1.000000,1232,1767216
1984,157,0.010000,1.000000,1256,1768472
1985,99,0.010000,1.000000,792,1769264
1986,158,0.010000,1.000000,1264,1770528
1987,99,0.010000,1.000000,792,1771320
1988,98,0.010000,1.000000,784,1772104
1989,158,0.010000,1.000000,1264,1773368
1990,158,0.010000,1.000000,1264,1774632
1991,99,0.010000,1.000000,792,1775424
1992,99,0.010000,1.000000,792,1776216
1993,99,0.010000,1.000000,792,1777008
1994,96,0.010000,1.000000,768,1777776
1995,98,0.010000,1.000000,784,1778560
1996,96,0.010000,1.000000,768,1779328
1997,98,0.010000,1.000000,784,1780112
1998,98,0.010000,1.000000,784,1780896
1999,156,0.010000,1.000000,1248,1782144
2000,158,0.010000,1.000000,1264,1783408
2001,99,0.010000,1.000000,792,1784200
2002,97,0.010000,1.000000,776,1784976
2003,162,0.010000,1.000000,1296,1786272
2004,96,0.010000,1.000000,768,1787040
2005,158,0.010000,1.000000,1264,1788304
2006,98,0.010000,1.000000,784,1789088
2007,128,0.010000,1.000000,1024,1790112
2008,98,0.010000,1.000000,784,1790896
2009,158,0.010000,1.000000,1264,1792160
2010,157,0.010000,1.000000,1256,1793416
2011,98,0.010000,1.000000,784,1794200
2012,146,0.010000,1.000000,1168,1795368
2013,99,0.010000,1.000000,792,1796160
2014,99,0.010000,1.000000,792,1796952
2015,99,0.010000,1.000000,792,1797744
2016,155,0.010000,1.000000,1240,1798984
2017,98,0.010000,1.000000,784,1799768
2018,157,0.010000,1.000000,1256,1801024
2019,158,0.010000,1.000000,1264,1802288
2020,99,0.010000,1.000000,792,1803080
2021,158,0.010000,1.000000,1264,1804344
2022,99,0.010000,1.000000,792,1805136
2023,140,0.010000,1.000000,1120,1806256
2024,99,0.010000,1.000000,792,1807048
2025,99,0.010000,1.000000,792,1807840
2026,99,0.010000,1.000000,792,1808632
2027,99,0.010000,1.000000,792,1809424
2028,137,0.010000,1.000000,1096,1810520
2029,99,0.010000,1.000000,792,1811312
2030,99,0.010000,1.000000,792,1812104
2031,96,0.010000,1.000000,768,1812872
2032,99,0.010000,1.000000,792,1813664
2033,147,0.010000,1.000000,1176,1814840
2034,99,0.010000,1.000000,792,1815632
2035,158,0.010000,1.000000,1264,1816896
2036,99,0.010000,1.000000,792,1817688
2037,158,0.010000,1.000000,1264,1818952
2038,158,0.010000,1.000000,1264,1820216
2039,99,0.010000,1.000000,792,1821008
2040,157,0.010000,1.000000,1256,1822264
2041,158,0.010000,1.000000,1264,1823528
2042,158,0.010000,1.000000,1264,1824792
2043,156,0.010000,1.000000,1248,1826040
2044,158,0.010000,1.000000,1264,1827304
2045,99,0.010000,1.000000,792,1828096
2046,99,0.010000,1.000000,792,1828888
2047,158,0.010000,1.000000,1264,1830152
2048,99,0.010000,1.000000,792,1830944
2049,158,0.010000,1.000000,1264,1832208
2050,99,0.010000,1.000000,792,1833000
2051,158,0.010000,1.000000,1264,1834264
2052,158,0.010000,1.000000,1264,1835528
2053,97,0.010000,1.000000,776,1836304
2054,158,0.010000,1.000000,1264,1837568
2055,97,0.010000,1.000000,776,1838344
2056,97,0.010000,1.000000,776,1839120
2057,158,0.010000,1.000000,1264,1840384
2058,97,0.010000,1.000000,776,1841160
2059,97,0.010000,1.000000,776,1841936
2060,158,0.010000,1.000000,1264,1843200
2061,158,0.010000,1.000000,1264,1844464
2062,98,0.010000,1.000000,784,1845248
2063,94,0.010000,1.000000,752,1846000
2064,155,0.010000,1.000000,1240,1847240
2065,99,0.010000,1.000000,792,1848032
2066,98,0.010000,1.000000,784,1848816
2067,158,0.010000,1.000000,1264,1850080
2068,99,0.010000,1.000000,792,1850872
2069,158,0.010000,1.000000,1264,1852136
2070,158,0.010000,1.000000,1264,1853400
2071,97,0.010000,1.000000,776,1854176
2072,99,0.010000,1.000000,792,1854968
2073,99,0.010000,1.000000,792,1855760
2074,99,0.010000,1.000000,792,1856552
2075,97,0.010000,1.000000,776,1857328
2076,158,0.010000,1.000000,1264,1858592
2077,99,0.010000,1.000000,792,1859384
2078,99,0.010000,1.000000,792,1860176
2079,158,0.010000,1.000000,1264,1861440
2080,158,0.010000,1.000000,1264,1862704
2081,97,0.010000,1.000000,776,1863480
2082,99,0.010000,1.000000,792,1864272
2083,99,0.010000,1.000000,792,1865064
2084,99,0.010000,1.000000,792,1865856
2085,98,0.010000,1.000000,784,1866640
2086,99,0.010000,1.000000,792,1867432
2087,158,0.010000,1.000000,1264,1868696
2088,98,0.010000,1.000000,784,1869480
2089,97,0.010000,1.000000,776,1870256
2090,98,0.010000,1.000000,784,1871040
2091,157,0.010000,1.000000,1256,1872296
2092,133,0.010000,1.000000,1064,1873360
2093,158,0.010000,1.000000,1264,1874624
2094,128,0.010000,1.000000,1024,1875648
2095,97,0.010000,1.000000,776,1876424
2096,158,0.010000,1.000000,1264,1877688
2097,99,0.010000,1.000000,792,1878480
2098,130,0.010000,1.000000,1040,1879520
2099,130,0.010000,1.000000,1040,1880560
2100,99,0.010000,1.000000,792,1881352
2101,97,0.010000,1.000000,776,1882128
2102,99,0.010000,1.000000,792,1882920
2103,98,0.010000,1.000000,784,1883704
2104,99,0.010000,1.000000,792,1884496
2105,99,0.010000,1.000000,792,1885288
2106,158,0.010000,1.000000,1264,1886552
2107,98,0.010000,1.000000,784,1887336
2108,158,0.010000,1.000000,1264,1888600
2109,99,0.010000,1.000000,792,1889392
2110,158,0.010000,1.000000,1264,1890656
2111,98,0.010000,1.000000,784,1891440
2112,97,0.010000,1.000000,776,1892216
2113,158,0.010000,1.000000,1264,1893480
2114,98,0.010000,1.000000,784,1894264
2115,99,0.010000,1.000000,792,1895056
2116,99,0.010000,1.000000,792,1895848
2117,98,0.010000,1.000000,784,1896632
2118,99,0.010000,1.000000,792,1897424
2119,97,0.010000,1.000000,776,1898200
2120,99,0.010000,1.000000,792,1898992
2121,97,0.010000,1.000000,776,1899768
2122,99,0.010000,1.000000,792,1900560
2123,99,0.010000,1.000000,792,1901352
2124,157,0.010000,1.000000,1256,1902608
2125,97,0.010000,1.000000,776,1903384
2126,104,0.010000,1.000000,832,1904216
2127,99,0.010000,1.000000,792,1905008
2128,99,0.010000,1.000000,792,1905800
2129,99,0.010000,1.000000,792,1906592
2130,99,0.010000,1.000000,792,1907384
2131,99,0.010000,1.000000,792,1908176
2132,156,0.010000,1.000000,1248,1909424
2133,99,0.010000,1.000000,792,1910216
2134,156,0.010000,1.000000,1248,1911464
2135,99,0.010000,1.000000,792,1912256
2136,97,0.010000,1.000000,776,1913032
2137,156,0.010000,1.000000,1248,1914280
2138,158,0.010000,1.000000,1264,1915544
2139,99,0.010000,1.000000,792,1916336
2140,99,0.010000,1.000000,792,1917128
2141,98,0.010000,1.000000,784,1917912
2142,158,0.010000,1.000000,1264,1919176
2143,158,0.010000,1.000000,1264,1920440
2144,121,0.010000,1.000000,968,1921408
2145,99,0.010000,1.000000,792,1922200
2146,158,0.010000,1.000000,1264,1923464
2147,158,0.010000,1.000000,1264,1924728
2148,158,0.010000,1.000000,1264,1925992
2149,98,0.010000,1.000000,784,1926776
2150,97,0.010000,1.000000,776,1927552
2151,158,0.010000,1.000000,1264,1928816
2152,150,0.010000,1.000000,1200,1930016
2153,97,0.010000,1.000000,776,1930792
2154,97,0.010000,1.000000,776,1931568
2155,99,0.010000,1.000000,792,1932360
2156,158,0.010000,1.000000,1264,1933624
2157,98,0.010000,1.000000,784,1934408
2158,148,0.010000,1.000000,1184,1935592
2159,95,0.010000,1.000000,760,1936352
2160,98,0.010000,1.000000,784,1937136
2161,95,0.010000,1.000000,760,1937896
2162,99,0.010000,1.000000,792,1938688
2163,99,0.010000,1.000000,792,1939480
2164,99,0.010000,1.000000,792,1940272
2165,158,0.010000,1.000000,1264,1941536
2166,98,0.010000,1.000000,784,1942320
2167,99,0.010000,1.000000,792,1943112
2168,158,0.010000,1.000000,1264,1944376
2169,99,0.010000,1.000000,792,1945168
2170,98,0.010000,1.000000,784,1945952
2171,99,0.010000,1.000000,792,1946744
2172,99,0.010000,1.000000,792,1947536
2173,96,0.010000,1.000000,768,1948304
2174,99,0.010000,1.000000,792,1949096
2175,98,0.010000,1.000000,784,1949880
2176,99,0.010000,1.000000,792,1950672
2177,158,0.010000,1.000000,1264,1951936
2178,97,0.010000,1.000000,776,1952712
2179,97,0.010000,1.000000,776,1953488
2180,97,0.010000,1.000000,776,1954264
2181,99,0.010000,1.000000,792,1955056
2182,99,0.010000,1.000000,792,1955848
2183,97,0.010000,1.000000,776,1956624
2184,100,0.010000,1.000000,800,1957424
2185,99,0.010000,1.000000,792,1958216
2186,99,0.010000,1.000000,792,1959008
2187,158,0.010000,1.000000,1264,1960272
2188,97,0.010000,1.000000,776,1961048
2189,97,0.010000,1.000000,776,1961824
2190,157,0.010000,1.000000,1256,1963080
2191,99,0.010000,1.000000,792,1963872
2192,97,0.010000,1.000000,776,1964648
2193,99,0.010000,1.000000,792,1965440
2194,97,0.010000,1.000000,776,1966216
2195,104,0.010000,1.000000,832,1967048
2196,99,0.010000,1.000000,792,1967840
2197,99,0.010000,1.000000,792,1968632
2198,97,0.010000,1.000000,776,1969408
2199,158,0.010000,1.000000,1264,1970672
2200,97,0.010000,1.000000,776,1971448
2201,99,0.010000,1.000000,792,1972240
2202,99,0.010000,1.000000,792,1973032
2203,98,0.010000,1.000000,784,1973816
2204,98,0.010000,1.000000,784,1974600
2205,99,0.010000,1.000000,792,1975392
2206,157,0.010000,1.000000,1256,1976648
2207,99,0.010000,1.000000,792,1977440
2208,157,0.010000,1.000000,1256,1978696
2209,99,0.010000,1.000000,792,1979488
2210,99,0.010000,1.000000,792,1980280
2211,99,0.010000,1.000000,792,1981072
2212,157,0.010000,1.000000,1256,1982328
2213,99,0.010000,1.000000,792,1983120
2214,98,0.010000,1.000000,784,1983904
2215,97,0.010000,1.000000,776,1984680
2216,99,0.010000,1.000000,792,1985472
2217,99,0.010000,1.000000,792,1986264
2218,98,0.010000,1.000000,784,1987048
2219,157,0.010000,1.000000,1256,1988304
2220,99,0.010000,1.000000,792,1989096
2221,98,0.010000,1.000000,784,1989880
2222,97,0.010000,1.000000,776,1990656
2223,99,0.010000,1.000000,792,1991448
2224,99,0.010000,1.000000,792,1992240
2225,158,0.010000,1.000000,1264,1993504
2226,99,0.010000,1.000000,792,1994296
2227,96,0.010000,1.000000,768,1995064
2228,158,0.010000,1.000000,1264,1996328
2229,99,0.010000,1.000000,792,1997120
2230,99,0.010000,1.000000,792,1997912
2231,158,0.010000,1.000000,1264,1999176
2232,158,0.010000,1.000000,1264,2000440
2233,99,0.010000,1.000000,792,2001232
2234,99,0.010000,1.000000,792,2002024
2235,99,0.010000,1.000000,792,2002816
2236,99,0.010000,1.000000,792,2003608
2237,98,0.010000,1.000000,784,2004392
2238,99,0.010000,1.000000,792,2005184
2239,97,0.010000,1.000000,776,2005960
2240,157,0.010000,1.000000,1256,2007216
2241,158,0.010000,1.000000,1264,2008480
2242,154,0.010000,1.000000,1232,2009712
2243,158,0.010000,1.000000,1264,2010976
2244,95,0.010000,1.000000,760,2011736
2245,99,0.010000,1.000000,792,2012528
2246,115,0.010000,1.000000,920,2013448
2247,99,0.010000,1.000000,792,2014240
2248,96,0.010000,1.000000,768,2015008
2249,99,0.010000,1.000000,792,2015800
2250,99,0.010000,1.000000,792,2016592
2251,156,0.010000,1.000000,1248,2017840
2252,97,0.010000,1.000000,776,2018616
2253,99,0.010000,1.000000,792,2019408
2254,99,0.010000,1.000000,792,2020200
2255,153,0.010000,1.000000,1224,2021424
2256,98,0.010000,1.000000,784,2022208
2257,158,0.010000,1.000000,1264,2023472
2258,98,0.010000,1.000000,784,2024256
2259,98,0.010000,1.000000,784,2025040
2260,157,0.010000,1.000000,1256,2026296
2261,98,0.010000,1.000000,784,2027080
2262,158,0.010000,1.000000,1264,2028344
2263,98,0.010000,1.000000,784,2029128
2264,95,0.010000,1.000000,760,2029888
2265,158,0.010000,1.000000,1264,2031152
2266,96,0.010000,1.000000,768,2031920
2267,99,0.010000,1.000000,792,2032712
2268,96,0.010000,1.000000,768,2033480
2269,97,0.010000,1.000000,776,2034256
2270,121,0.010000,1.000000,968,2035224
2271,158,0.010000,1.000000,1264,2036488
2272,97,0.010000,1.000000,776,2037264
2273,96,0.010000,1.000000,768,2038032
2274,99,0.010000,1.000000,792,2038824
2275,158,0.010000,1.000000,1264,2040088
2276,158,0.010000,1.000000,1264,2041352
2277,97,0.010000,1.000000,776,2042128
2278,97,0.010000,1.000000,776,2042904
2279,99,0.010000,1.000000,792,2043696
2280,143,0.010000,1.000000,1144,2044840
2281,99,0.010000,1.000000,792,2045632
2282,136,0.010000,1.000000,1088,2046720
2283,99,0.010000,1.000000,792,2047512
2284,158,0.010000,1.000000,1264,2048776
2285,158,0.010000,1.000000,1264,2050040
2286,99,0.010000,1.000000,792,2050832
2287,158,0.010000,1.000000,1264,2052096
2288,96,0.010000,1.000000,768,2052864
2289,97,0.010000,1.000000,776,2053640
2290,158,0.010000,1.000000,1264,2054904
2291,98,0.010000,1.000000,784,2055688
2292,99,0.010000,1.000000,792,2056480
2293,97,0.010000,1.000000,776,2057256
2294,98,0.010000,1.000000,784,2058040
2295,99,0.010000,1.000000,792,2058832
2296,100,0.010000,1.000000,800,2059632
2297,99,0.010000,1.000000,792,2060424
2298,117,0.010000,1.000000,936,2061360
2299,158,0.010000,1.000000,1264,2062624
2300,158,0.010000,1.000000,1264,2063888
2301,158,0.010000,1.000000,1264,2065152
2302,98,0.010000,1.000000,784,2065936
2303,97,0.010000,1.000000,776,2066712
2304,157,0.010000,1.000000,1256,2067968
2305,99,0.010000,1.000000,792,2068760
2306,97,0.010000,1.000000,776,2069536
2307,97,0.010000,1.000000,776,2070312
2308,99,0.010000,1.000000,792,2071104
2309,158,0.010000,1.000000,1264,2072368
2310,99,0.010000,1.000000,792,2073160
2311,158,0.010000,1.000000,1264,2074424
2312,141,0.010000,1.000000,1128,2075552
2313,99,0.010000,1.000000,792,2076344
2314,157,0.010000,1.000000,1256,2077600
2315,97,0.010000,1.000000,776,2078376
2316,99,0.010000,1.000000,792,2079168
2317,98,0.010000,1.000000,784,2079952
2318,135,0.010000,1.000000,1080,2081032
2319,98,0.010000,1.000000,784,2081816
2320,99,0.010000,1.000000,792,2082608
2321,98,0.010000,1.000000,784,2083392
2322,99,0.010000,1.000000,792,2084184
2323,97,0.010000,1.000000,776,2084960
2324,99,0.010000,1.000000,792,2085752
2325,158,0.010000,1.000000,1264,2087016
2326,99,0.010000,1.000000,792,2087808
2327,98,0.010000,1.000000,784,2088592
2328,97,0.010000,1.000000,776,2089368
2329,157,0.010000,1.000000,1256,2090624
2330,97,0.010000,1.000000,776,2091400
2331,158,0.010000,1.000000,1264,2092664
2332,98,0.010000,1.000000,784,2093448
2333,97,0.010000,1.000000,776,2094224
2334,156,0.010000,1.000000,1248,2095472
2335,157,0.010000,1.000000,1256,2096728
2336,158,0.010000,1.000000,1264,2097992
2337,97,0.010000,1.000000,776,2098768
2338,158,0.010000,1.000000,1264,2100032
2339,158,0.010000,1.000000,1264,2101296
2340,99,0.010000,1.000000,792,2102088
2341,157,0.010000,1.000000,1256,2103344
2342,97,0.010000,1.000000,776,2104120
2343,98,0.010000,1.000000,784,2104904
2344,156,0.010000,1.000000,1248,2106152
2345,158,0.010000,1.000000,1264,2107416
2346,99,0.010000,1.000000,792,2108208
2347,158,0.010000,1.000000,1264,2109472
2348,97,0.010000,1.000000,776,2110248
2349,97,0.010000,1.000000,776,2111024
2350,156,0.010000,1.000000,1248,2112272
2351,158,0.010000,1.000000,1264,2113536
2352,157,0.010000,1.000000,1256,2114792
2353,99,0.010000,1.000000,792,2115584
2354,156,0.010000,1.000000,1248,2116832
2355,96,0.010000,1.000000,768,2117600
2356,158,0.010000,1.000000,1264,2118864
2357,99,0.010000,1.000000,792,2119656
2358,157,0.010000,1.000000,1256,2120912
2359,158,0.010000,1.000000,1264,2122176
2360,98,0.010000,1.000000,784,2122960
2361,97,0.010000,1.000000,776,2123736
2362,97,0.010000,1.000000,776,2124512
2363,97,0.010000,1.000000,776,2125288
2364,98,0.010000,1.000000,784,2126072
2365,97,0.010000,1.000000,776,2126848
2366,99,0.010000,1.000000,792,2127640
2367,99,0.010000,1.000000,792,2128432
2368,158,0.010000,1.000000,1264,2129696
2369,158,0.010000,1.000000,1264,2130960
2370,98,0.010000,1.000000,784,2131744
2371,97,0.010000,1.000000,776,2132520
2372,98,0.010000,1.000000,784,2133304
2373,99,0.010000,1.000000,792,2134096
2374,156,0.010000,1.000000,1248,2135344
2375,97,0.010000,1.000000,776,2136120
2376,158,0.010000,1.000000,1264,2137384
2377,99,0.010000,1.000000,792,2138176
2378,158,0.010000,1.000000,1264,2139440
2379,99,0.010000,1.000000,792,2140232
2380,97,0.010000,1.000000,776,2141008
2381,97,0.010000,1.000000,776,2141784
2382,98,0.010000,1.000000,784,2142568
2383,99,0.010000,1.000000,792,2143360
2384,99,0.010000,1.000000,792,2144152
2385,158,0.010000,1.000000,1264,2145416
2386,158,0.010000,1.000000,1264,2146680
2387,126,0.010000,1.000000,1008,2147688
2388,97,0.010000,1.000000,776,2148464
2389,97,0.010000,1.000000,776,2149240
2390,97,0.010000,1.000000,776,2150016
2391,99,0.010000,1.000000,792,2150808
2392,157,0.010000,1.000000,1256,2152064
2393,157,0.010000,1.000000,1256,2153320
2394,158,0.010000,1.000000,1264,2154584
2395,99,0.010000,1.000000,792,2155376
2396,99,0.010000,1.000000,792,2156168
2397,99,0.010000,1.000000,792,2156960
2398,158,0.010000,1.000000,1264,2158224
2399,99,0.010000,1.000000,792,2159016
2400,99,0.010000,1.000000,792,2159808
2401,99,0.010000,1.000000,792,2160600
2402,97,0.010000,1.000000,776,2161376
2403,103,0.010000,1.000000,824,2162200
2404,99,0.010000,1.000000,792,2162992
2405,99,0.010000,1.000000,792,2163784
2406,96,0.010000,1.000000,768,2164552
2407,157,0.010000,1.000000,1256,2165808
2408,98,0.010000,1.000000,784,2166592
2409,158,0.010000,1.000000,1264,2167856
2410,158,0.010000,1.000000,1264,2169120
2411,158,0.010000,1.000000,1264,2170384
2412,99,0.010000,1.000000,792,2171176
2413,156,0.010000,1.000000,1248,2172424
2414,158,0.010000,1.000000,1264,2173688
2415,99,0.010000,1.000000,792,2174480
2416,99,0.010000,1.000000,792,2175272
2417,99,0.010000,1.000000,792,2176064
2418,158,0.010000,1.000000,1264,2177328
2419,97,0.010000,1.000000,776,2178104
2420,98,0.010000,1.000000,784,2178888
2421,97,0.010000,1.000000,776,2179664
2422,99,0.010000,1.000000,792,2180456
2423,99,0.010000,1.000000,792,2181248
2424,99,0.010000,1.000000,792,2182040
2425,99,0.010000,1.000000,792,2182832
2426,99,0.010000,1.000000,792,2183624
2427,99,0.010000,1.000000,792,2184416
2428,98,0.010000,1.000000,784,2185200
2429,97,0.010000,1.000000,776,2185976
2430,99,0.010000,1.000000,792,2186768
2431,99,0.010000,1.000000,792,2187560
2432,158,0.010000,1.000000,1264,2188824
2433,99,0.010000,1.000000,792,2189616
2434,158,0.010000,1.000000,1264,2190880
2435,99,0.010000,1.000000,792,2191672
2436,99,0.010000,1.000000,792,2192464
2437,156,0.010000,1.000000,1248,2193712
2438,98,0.010000,1.000000,784,2194496
2439,98,0.010000,1.000000,784,2195280
2440,158,0.010000,1.000000,1264,2196544
2441,99,0.010000,1.000000,792,2197336
2442,158,0.010000,1.000000,1264,2198600
2443,156,0.010000,1.000000,1248,2199848
2444,98,0.010000,1.000000,784,2200632
2445,99,0.010000,1.000000,792,2201424
2446,99,0.010000,1.000000,792,2202216
2447,157,0.010000,1.000000,1256,2203472
2448,99,0.010000,1.000000,792,2204264
2449,98,0.010000,1.000000,784,2205048
2450,97,0.010000,1.000000,776,2205824
2451,99,0.010000,1.000000,792,2206616
2452,97,0.010000,1.000000,776,2207392
2453,108,0.010000,1.000000,864,2208256
2454,97,0.010000,1.000000,776,2209032
2455,158,0.010000,1.000000,1264,2210296
2456,98,0.010000,1.000000,784,2211080
2457,157,0.010000,1.000000,1256,2212336
2458,96,0.010000,1.000000,768,2213104
2459,156,0.010000,1.000000,1248,2214352
2460,157,0.010000,1.000000,1256,2215608
2461,157,0.010000,1.000000,1256,2216864
2462,97,0.010000,1.000000,776,2217640
2463,98,0.010000,1.000000,784,2218424
2464,98,0.010000,1.000000,784,2219208
2465,157,0.010000,1.000000,1256,2220464
2466,97,0.010000,1.000000,776,2221240
2467,99,0.010000,1.000000,792,2222032
2468,99,0.010000,1.000000,792,2222824
2469,96,0.010000,1.000000,768,2223592
2470,158,0.010000,1.000000,1264,2224856
2471,98,0.010000,1.000000,784,2225640
2472,99,0.010000,1.000000,792,2226432
2473,158,0.010000,1.000000,1264,2227696
2474,99,0.010000,1.000000,792,2228488
2475,99,0.010000,1.000000,792,2229280
2476,99,0.010000,1.000000,792,2230072
2477,158,0.010000,1.000000,1264,2231336
2478,158,0.010000,1.000000,1264,2232600
2479,99,0.010000,1.000000,792,2233392
2480,99,0.010000,1.000000,792,2234184
2481,158,0.010000,1.000000,1264,2235448
2482,98,0.010000,1.000000,784,2236232
2483,99,0.010000,1.000000,792,2237024
2484,158,0.010000,1.000000,1264,2238288
2485,98,0.010000,1.000000,784,2239072
2486,97,0.010000,1.000000,776,2239848
2487,158,0.010000,1.000000,1264,2241112
2488,98,0.010000,1.000000,784,2241896
2489,99,0.010000,1.000000,792,2242688
2490,98,0.010000,1.000000,784,2243472
2491,94,0.010000,1.000000,752,2244224
2492,99,0.010000,1.000000,792,2245016
2493,98,0.010000,1.000000,784,2245800
2494,97,0.010000,1.000000,776,2246576
2495,156,0.010000,1.000000,1248,2247824
2496,99,0.010000,1.000000,792,2248616
2497,98,0.010000,1.000000,784,2249400
2498,158,0.010000,1.000000,1264,2250664
2499,99,0.010000,1.000000,792,2251456
2500,99,0.010000,1.000000,792,2252248
2501,98,0.010000,1.000000,784,2253032
2502,98,0.010000,1.000000,784,2253816
2503,99,0.010000,1.000000,792,2254608
2504,135,0.010000,1.000000,1080,2255688
2505,99,0.010000,1.000000,792,2256480
2506,99,0.010000,1.000000,792,2257272
2507,158,0.010000,1.000000,1264,2258536
2508,98,0.010000,1.000000,784,2259320
2509,99,0.010000,1.000000,792,2260112
2510,98,0.010000,1.000000,784,2260896
2511,99,0.010000,1.000000,792,2261688
2512,98,0.010000,1.000000,784,2262472
2513,99,0.010000,1.000000,792,2263264
2514,97,0.010000,1.000000,776,2264040
2515,97,0.010000,1.000000,776,2264816
2516,96,0.010000,1.000000,768,2265584
2517,96,0.010000,1.000000,768,2266352
2518,158,0.010000,1.000000,1264,2267616
2519,99,0.010000,1.000000,792,2268408
2520,98,0.010000,1.000000,784,2269192
2521,157,0.010000,1.000000,1256,2270448
2522,158,0.010000,1.000000,1264,2271712
2523,158,0.010000,1.000000,1264,2272976
2524,157,0.010000,1.000000,1256,2274232
2525,158,0.010000,1.000000,1264,2275496
2526,99,0.010000,1.000000,792,2276288
2527,158,0.010000,1.000000,1264,2277552
2528,97,0.010000,1.000000,776,2278328
2529,39,0.010000,1.000000,312,2278640
